id_venta,fecha,producto,categoria,cantidad,precio_unitario,vendedor,region,metodo_pago,cliente_frecuente
304,2025-08-08,Teclado mecánico,Accesorios,3,25310.0,Kevin Solano,Alajuela,Sinpe Móvil,No
501,2025-09-16,Monitor 27 pulgadas curvo,Monitores,2,273125.0,Ana Rojas,Puntarenas,Transferencia,No
956,2025-03-21,Funda protectora celular,Accesorios,4,7393.0,Marisol Vargas,Cartago,Sinpe Móvil,No
43,2025-06-08,Celular gama alta,Celulares,1,419700.0,Ana Rojas,San José,Efectivo,No
215,2025-05-04,Celular gama media,Celulares,1,229000.0,Marisol Vargas,Cartago,Sinpe Móvil,Sí
858,2025-02-10,Monitor 24 pulgadas,Monitores,4,153773.0,Marisol Vargas,Limón,Transferencia,No
94,01/08/2025,Parlante bluetooth,Audio,1,25300.0,Fabiola Araya,Cartago,Transferencia,No
539,2025-03-15,Laptop gamer 15 pulgadas,Laptops,4,1163726.0,Kevin Solano,Puntarenas,Efectivo,No
108,2025-05-31,Teclado mecánico,Accesorios,2,34300.0,Ana Rojas,Limón,Tarjeta,No
298,2025-08-29,Laptop 14 pulgadas,Laptops,1,559766.0,Luis Chinchilla,,Efectivo,Sí
962,17/02/2025,Laptop gamer 15 pulgadas,Laptops,4,948057.0,Fabiola Araya,Heredia,Efectivo,Sí
714,2025-05-10,Laptop 14 pulgadas,Laptops,4,548448.0,Ana Rojas,San José,Tarjeta,No
443,2025-01-17,Mouse inalámbrico,Accesorios,5,7513.0,Fabiola Araya,Cartago,Transferencia,No
320,2025-06-05,Audífonos inalámbricos,Audio,1,38854.0,Luis Chinchilla,Heredia,Sinpe Móvil,Sí
1001,2025-09-06,Monitor 24 pulgadas,Monitores,1,118877.0,Luis Chinchilla,Limón,Transferencia,No
173,2025-09-17,Parlante bluetooth,Audio,3,41300.0,Fabiola Araya,Cartago,Sinpe Móvil,No
165,2025-03-15,Parlante bluetooth,Audio,-1,48700.0,marisol vargas,Heredia,Efectivo,No
224,2025-05-23,Celular gama alta,Celulares,1,615406.0,ANA ROJAS,San José,Sinpe Móvil,no
472,2025-07-21,Audífonos inalámbricos,Audio,-5,32744.0,Kevin Solano,Heredia,Transferencia,No
893,2025-01-20,Laptop 14 pulgadas,Laptops,4,465357.0,Ana Rojas,Cartago,Transferencia,Sí
947,2025-09-27,Teclado mecánico,Accesorios,4,33968.0,Ana Rojas,Heredia,Tarjeta,Sí
367,2025-08-16,Funda protectora celular,Accesorios,2,7221.0,Luis Chinchilla,San José,Transferencia,No
471,2025-09-23,Funda protectora celular,Accesorios,4,3900.0,Marisol Vargas,Puntarenas,Transferencia,No
820,2025-04-10,Celular gama alta,Celulares,4,671806.0,Marisol Vargas,Alajuela,Transferencia,Sí
340,2025-05-17,Monitor 27 pulgadas curvo,Monitores,1,244718.0,Kevin Solano,Limón,Sinpe Móvil,Sí
32,18/03/2025,Funda protectora celular,Accesorios,2,,Fabiola Araya,Puntarenas,Efectivo,No
897,2025-04-27,Laptop 14 pulgadas,Laptops,5,602877.0,Fabiola Araya,Alajuela,Transferencia,Sí
398,2025-02-10,Monitor 27 pulgadas curvo,Monitores,4,302311.0,Kevin Solano,Puntarenas,Transferencia,Sí
258,2025-01-21,Celular gama alta,Celulares,5,392055.0,Marisol Vargas,Heredia,Transferencia,No
426,2025-05-02,Monitor 24 pulgadas,Monitores,3,,Ana Rojas,Guanacaste,Sinpe Móvil,Sí
81,2025-05-17,Mouse inalámbrico,Accesorios,3,,Marisol Vargas,Limón,Sinpe Móvil,No
93,2025-03-12,Cargador portátil (power bank),Accesorios,2,20700.0,Ana Rojas,Cartago,Sinpe Móvil,Sí
453,2025-04-04,Audífonos inalámbricos,Audio,2,25383.0,Luis Chinchilla,Limón,Tarjeta,Sí
900,2025-06-22,Audífonos inalámbricos,Audio,1,26421.0,Luis Chinchilla,Heredia,Sinpe Móvil,No
703,11/06/2025,Audífonos inalámbricos,Audio,2,33695.0,Fabiola Araya,Cartago,Efectivo,No
70,2025-04-29,Laptop 14 pulgadas,Laptops,1,456300.0,Kevin Solano,San José,Efectivo,No
764,2025-02-03,Celular gama media,Celulares,2,240495.0,Ana Rojas,Limón,Sinpe Móvil,Sí
163,2025-05-16,Teclado mecánico,Accesorios,2,,Kevin Solano,Puntarenas,Tarjeta,No
78,2025-08-13,Audífonos inalámbricos,Audio,4,29500.0,Ana Rojas,,Efectivo,No
524,2025-09-12,Monitor 27 pulgadas curvo,Monitores,4,226664.0,Fabiola Araya,Limón,Transferencia,Sí
607,2025-07-25,Mouse inalámbrico,Accesorios,1,10728.0,Marisol Vargas,Heredia,Efectivo,No
684,2025-04-13,Laptop gamer 15 pulgadas,Laptops,1,817240.0,Fabiola Araya,Alajuela,Transferencia,Sí
352,2025-05-28,Funda protectora celular,accesorios,5,3942.0,Fabiola Araya,Cartago,Transferencia,No
937,2025-07-14,Monitor 27 pulgadas curvo,Monitores,1,292290.0,Kevin Solano,Heredia,Efectivo,Sí
61,2025-09-22,Laptop 14 pulgadas,Laptops,4,403100.0,Kevin Solano,Heredia,Efectivo,No
1027,2025-04-08,Parlante bluetooth,Audio,2,23178.0,Luis Chinchilla,San José,Efectivo,No
879,2025-05-25,Celular gama alta,Celulares,3,500235.0,Kevin Solano,Alajuela,Tarjeta,Sí
859,2025-05-18,Celular gama media,Celulares,4,175380.0,Luis Chinchilla,Puntarenas,Efectivo,No
1105,2025-06-05,Parlante bluetooth,Audio,1,46567.0,Luis Chinchilla,Puntarenas,Efectivo,Sí
445,2025-01-14,Laptop 14 pulgadas,Laptops,2,499771.0,Fabiola Araya,,Tarjeta,No
461,2025-07-09,Audífonos inalámbricos,Audio,5,28480.0,Kevin Solano,Puntarenas,Sinpe Móvil,Sí
529,2025-01-18,Monitor 27 pulgadas curvo,Monitores,1,309628.0,Luis Chinchilla,Limón,Tarjeta,No
96,2025-07-07,Mouse inalámbrico,Accesorios,1,9600.0,marisol vargas,Puntarenas,Tarjeta,No
841,2025-07-04,Teclado mecánico,Accesorios,5,34592.0,Kevin Solano,Cartago,Tarjeta,No
149,2025-06-23,Monitor 24 pulgadas,Monitores,5,144700.0,Kevin Solano,Cartago,Transferencia,No
329,2025-02-16,Cargador portátil (power bank),Accesorios,2,20543.0,Marisol Vargas,Heredia,Tarjeta,No
1090,2025-01-04,Laptop 14 pulgadas,Laptops,4,533313.0,Kevin Solano,Guanacaste,Efectivo,No
62,2025-05-31,Laptop gamer 15 pulgadas,Laptops,1,1030500.0,Marisol Vargas,Guanacaste,Transferencia,No
825,2025-06-30,Mouse inalámbrico,Accesorios,5,10035.0,Kevin Solano,Puntarenas,Transferencia,Sí
705,2025-02-15,Funda protectora celular,Accesorios,2,6088.0,Fabiola Araya,Guanacaste,Sinpe Móvil,No 
257,2025-02-05,Audífonos inalámbricos,Audio,5,16631.0,Ana Rojas,Guanacaste,Tarjeta,Sí
1004,2025-01-17,Audífonos inalámbricos,Audio,3,38618.0,Ana Rojas,Heredia,Efectivo,NO
289,2025-08-14,Monitor 24 pulgadas,Monitores,1,159948.0,Ana Rojas,Cartago,Transferencia,No
342,2025-05-03,Laptop gamer 15 pulgadas,Laptops,5,885315.0,Fabiola Araya,Alajuela,Transferencia,No
995,2025-09-04,Celular gama alta,Celulares,1,411889.0,Marisol Vargas,Limón,Transferencia,No
450,2025-01-14,Funda protectora celular,Accesorios,3,5804.0,Kevin Solano,Guanacaste,Efectivo,Sí
416,30/07/2025,Cargador portátil (power bank),Accesorios,3,17116.0,ana rojas,Guanacaste,Transferencia,no
725,2025-09-02,Parlante bluetooth,Audio,4,43412.0,Ana Rojas,Alajuela,Efectivo,Sí
866,2025-05-07,Funda protectora celular,Accesorios,1,,Luis Chinchilla,Heredia,Efectivo,No
805,2025-09-02,Monitor 24 pulgadas,Monitores,2,173706.0,Luis Chinchilla,Cartago,Sinpe Móvil,No
105,2025-09-27,Monitor 24 pulgadas,Monitores,1,114400.0,Kevin Solano,Limón,Transferencia,No
1106,2025-04-27,Parlante bluetooth,Audio,3,26136.0,Ana Rojas,,Sinpe Móvil,Sí
1073,2025-06-25,Celular gama alta,Celulares,3,525429.0,Marisol Vargas,Limón,Sinpe Móvil,No
282,2025-06-21,Monitor 27 pulgadas curvo,Monitores,1,297205.0,Ana Rojas,San José,Transferencia,Sí
354,2025-07-15,Laptop gamer 15 pulgadas,Laptops,5,873069.0,Kevin Solano,San José,Transferencia,Sí
394,2025-04-28,Monitor 27 pulgadas curvo, Monitores,5,271755.0,Kevin Solano,Alajuela,Sinpe Móvil,Sí
58,2025-08-24,Parlante bluetooth,Audio,3,37400.0,Fabiola Araya,Guanacaste,Transferencia,No
281,2025-08-15,Funda protectora celular,Accesorios,2,5603.0,Ana Rojas,San José,Tarjeta,No
750,2025-01-17,Laptop gamer 15 pulgadas,Laptops,3,1105153.0,Luis Chinchilla,Heredia,Efectivo,No
278,2025-07-29,Celular gama media,Celulares,3,204324.0,Kevin Solano,Heredia,Efectivo,Sí
379,2025-08-20,Mouse inalámbrico,Accesorios,2,9231.0,Fabiola Araya,Guanacaste,Sinpe Móvil,Sí
788,2025-01-22,Laptop gamer 15 pulgadas,Laptops,2,954121.0,Kevin Solano,Guanacaste,Sinpe Móvil,No
84,2025-08-14,Laptop gamer 15 pulgadas,Laptops,1,1150700.0,Ana Rojas,Guanacaste,Efectivo,No
3,2025-01-04,Audífonos inalámbricos,Audio,3,19800.0,Kevin Solano,Cartago,Transferencia,Sí
42,2025-04-20,Monitor 27 pulgadas curvo,Monitores,2,293200.0,Luis Chinchilla,Guanacaste,Tarjeta,Sí
268,2025-01-22,Audífonos inalámbricos,Audio,3,23752.0,Luis Chinchilla,Cartago,Efectivo,Sí
87,2025-02-21,Cargador portátil (power bank),Accesorios,1,18000.0,Ana Rojas,San José,Transferencia,No
322,2025-01-31,Celular gama alta,Celulares,5,681836.0,Luis Chinchilla,Limón,Efectivo,Sí
753,2025-07-08,Celular gama media,Celulares,5,,Marisol Vargas,Puntarenas,Efectivo,no
415,2025-07-12,Celular gama alta,Celulares,2,418542.0,Marisol Vargas,Limón,Efectivo,No 
1095,2025-09-04,Celular gama alta,Celulares,5,508903.0,Kevin Solano,San José,Sinpe Móvil,Sí
431,2025-06-26,Laptop 14 pulgadas,Laptops,2,555906.0,Luis Chinchilla,Limón,Transferencia,Sí
503,2025-09-20,Audífonos inalámbricos,Audio,4,25963.0,Luis Chinchilla,Heredia,Sinpe Móvil,No
659,2025-02-23,Monitor 24 pulgadas,Monitores,1,133927.0,Fabiola Araya,Puntarenas,Tarjeta,Sí
951,2025-03-02,Cargador portátil (power bank),Accesorios,1,14579.0,Luis Chinchilla,San José,Efectivo,No
715,2025-02-21,Mouse inalámbrico,Accesorios,5,8282.0,Marisol Vargas,San José,Efectivo,No
909,2025-09-25,Laptop gamer 15 pulgadas,Laptops,3,969888.0,Marisol Vargas,San José,Efectivo,Sí
228,2025-02-05,Parlante bluetooth,Audio,1,43822.0,Kevin Solano,Alajuela,Efectivo,Sí
625,2025-02-13,Funda protectora celular,Accesorios,5,3649.0,Ana Rojas,San José,Sinpe Móvil,Sí
1063,2025-01-29,Parlante bluetooth,Audio,5,53196.0,Kevin Solano,Alajuela,Tarjeta,No
39,2025-04-11,Funda protectora celular,Accesorios,1,3300.0,Marisol Vargas,Puntarenas,Transferencia,No
558,2025-03-20,Monitor 24 pulgadas,Monitores,4,165235.0,Luis Chinchilla,Guanacaste,Sinpe Móvil,No
68,2025-09-25,Celular gama alta,Celulares,1,668000.0,Marisol Vargas,Limón,Sinpe Móvil,Sí
1100,2025-06-04,Celular gama media,Celulares,3,242535.0,Kevin Solano,Alajuela,Transferencia,Sí
317,2025-01-28,Cargador portátil (power bank),Accesorios,5,12506.0,ANA ROJAS,San José,Sinpe Móvil,Sí
178,2025-07-01,Parlante bluetooth,Audio,2,54700.0,Marisol Vargas,Puntarenas,Sinpe Móvil,Sí
489,2025-08-02,Audífonos inalámbricos,Audio,2,37414.0,Luis Chinchilla,Limón,Sinpe Móvil,No
1124,2025-01-28,Laptop 14 pulgadas,Laptops,1,499552.0,Luis Chinchilla,Puntarenas,Sinpe Móvil,No
54,2025-05-07,Laptop 14 pulgadas,Laptops,1,385500.0,Luis Chinchilla,Alajuela,Efectivo,No
315,2025-09-05,Laptop gamer 15 pulgadas,Laptops,3,1059538.0,Marisol Vargas,Heredia,Transferencia,Sí
136,2025-04-10,Monitor 27 pulgadas curvo,Monitores,1,313100.0,Kevin Solano,Heredia,Transferencia,No
522,2025-09-03,Parlante bluetooth,Audio,2,44956.0,Ana Rojas,Guanacaste,Efectivo,No
649,2025-03-17,Cargador portátil (power bank),Accesorios,5,17456.0,Ana Rojas,Limón,Tarjeta,No
256,2025-01-26,Cargador portátil (power bank),Accesorios,5,14721.0,Marisol Vargas,Puntarenas,Tarjeta,Sí
526,2025-08-02,Monitor 24 pulgadas,Monitores,3,120669.0,Kevin Solano,Puntarenas,Sinpe Móvil,sí
1126,2025-05-31,Laptop gamer 15 pulgadas,Laptops,4,940028.0,kevin solano,Heredia,Transferencia,Sí
1127,2025-08-09,Cargador portátil (power bank),Accesorios,1,13604.0,Kevin Solano,Limón,Sinpe Móvil,No
170,2025-05-28,Mouse inalámbrico,Accesorios,1,10500.0,fabiola araya,Cartago,Tarjeta,Sí
718,2025-01-21,Audífonos inalámbricos,Audio,5,26913.0,Ana Rojas,San José,Sinpe Móvil,No
1039,2025-09-01,Parlante bluetooth,Audio,2,28803.0,Kevin Solano,Heredia,Sinpe Móvil,No
306,2025-09-25,Audífonos inalámbricos,Audio,3,29782.0,Marisol Vargas,Limón,Sinpe Móvil,No
190,2025-09-15,Monitor 24 pulgadas,Monitores,4,172100.0,Marisol Vargas,Guanacaste,Tarjeta,No
802,2025-09-04,Laptop 14 pulgadas,Laptops,2,596476.0,Marisol Vargas,,Tarjeta,No
660,2025-09-05,Teclado mecánico,Accesorios,1,32195.0,Ana Rojas,Heredia,Sinpe Móvil,Sí
305,2025-08-10,Laptop 14 pulgadas,Laptops,3,532540.0,Fabiola Araya,San José,Efectivo,No
593,2025-05-21,Audífonos inalámbricos,Audio,1,30710.0,Kevin Solano,Alajuela,Transferencia,Sí
850,2025-04-28,Monitor 24 pulgadas,Monitores,2,161632.0,Fabiola Araya,San José,Efectivo,Sí
1042,2025-02-18,Monitor 27 pulgadas curvo,Monitores,5,252466.0,Marisol Vargas,,Efectivo,No
226,2025-07-03,Laptop 14 pulgadas,Laptops,3,524894.0,Luis Chinchilla,San José,Sinpe Móvil,Sí
896,2025-07-15,Cargador portátil (power bank),Accesorios,1,18361.0,Kevin Solano,Cartago,Sinpe Móvil,No
392,2025-01-29,Celular gama alta,Celulares,1,432460.0,Ana Rojas,Limón,Efectivo,No
781,2025-02-11,Celular gama media,Celulares,3,265926.0,ANA ROJAS,Heredia,Efectivo,No
653,2025-07-20,Parlante bluetooth,Audio,5,23069.0,Marisol Vargas,Cartago,Efectivo,sí
945,04/07/2025,Funda protectora celular,Accesorios,1,3638.0,Kevin Solano,Cartago,Transferencia,No
730,2025-01-28,Audífonos inalámbricos,Audio,1,30442.0,Ana Rojas,Heredia,Sinpe Móvil,No
979,2025-08-09,Laptop gamer 15 pulgadas,Laptops,4,979278.0,Kevin Solano,Heredia,Efectivo,Sí
812,2025-07-19,Audífonos inalámbricos,Audio,1,34305.0,Ana Rojas,Guanacaste,Sinpe Móvil,Sí
338,2025-09-05,Mouse inalámbrico,Accesorios,4,8109.0,Marisol Vargas,Puntarenas,Sinpe Móvil,Sí
1002,2025-05-24,Audífonos inalámbricos,Audio,3,35589.0,  Luis Chinchilla  ,San José,Tarjeta,Sí
285,2025-04-23,Mouse inalámbrico,Accesorios,2,11807.0,Marisol Vargas,Guanacaste,Tarjeta,Sí
341,2025-09-05,Funda protectora celular,Accesorios,3,4762.0,Marisol Vargas,Guanacaste,Sinpe Móvil,no
950,2025-09-12,Monitor 27 pulgadas curvo,Monitores,4,296182.0,Marisol Vargas,Puntarenas,Transferencia,Sí
979,2025-08-09,Laptop gamer 15 pulgadas,Laptops,4,979278.0,Kevin Solano,Heredia,Efectivo,Sí
83,2025-08-31,Funda protectora celular,Accesorios,3,,Kevin Solano,Guanacaste,Efectivo,No
249,2025-07-30,Mouse inalámbrico,Accesorios,4,12201.0,Luis Chinchilla,San José,Tarjeta,Sí
202,2025-06-03,Monitor 24 pulgadas,Monitores,1,149000.0,FABIOLA ARAYA,Guanacaste,Efectivo,No
877,2025-01-01,Funda protectora celular, Accesorios,5,,Ana Rojas,Alajuela,Transferencia,Sí
184,2025-04-29,Laptop gamer 15 pulgadas,Laptops,2,1047700.0,Ana Rojas,Alajuela,Sinpe Móvil,No
383,2025-06-09,Celular gama alta,Celulares,3,399188.0,Marisol Vargas,Puntarenas,Efectivo,No
465,2025-08-23,Monitor 27 pulgadas curvo,Monitores,2,238084.0,Kevin Solano,Alajuela,Tarjeta,No
636,2025-03-28,Cargador portátil (power bank),Accesorios,5,14198.0,Fabiola Araya,Guanacaste,Tarjeta,No
345,2025-03-15,Parlante bluetooth,Audio,4,50741.0,Ana Rojas,Alajuela,Sinpe Móvil,No
741,2025-09-16,Funda protectora celular,Accesorios,2,7730.0,Luis Chinchilla,Heredia,Tarjeta,No
890,2025-04-20,Celular gama alta,Celulares,4,617684.0,Kevin Solano,Cartago,Sinpe Móvil,No
594,2025-07-22,Cargador portátil (power bank),Accesorios,3,17712.0,Ana Rojas,Guanacaste,Tarjeta,Sí
300,2025-03-06,Laptop gamer 15 pulgadas,Laptops,4,1031424.0,Marisol Vargas,Puntarenas,Sinpe Móvil,No
771,2025-07-20,Audifonos inalambricos,AUDIO,5,22079.0,Ana Rojas,Cartago,Transferencia,Sí
647,2025-04-30,Cargador portátil (power bank),Accesorios,5,11626.0,Marisol Vargas,Guanacaste,Tarjeta,No
458,2025-05-29,Funda protectora celular,Accesorios,3,5470.0,Fabiola Araya,Cartago,Sinpe Móvil,Sí
244,2025-04-13,Monitor 27 pulgadas curvo,Monitores,3,256101.0,kevin solano,Guanacaste,Sinpe Móvil,Sí
364,2025-07-29,Celular gama media,Celulares,1,168870.0,Luis Chinchilla,,Sinpe Móvil,Sí
964,2025-01-19,Laptop gamer 15 pulgadas,Laptops,4,88767.0,Marisol Vargas,Alajuela,Tarjeta,No
261,2025-05-16,Monitor 27 pulgadas curvo,Monitores,2,308459.0,Luis Chinchilla,Puntarenas,Transferencia,No
849,2025-09-26,Mouse inalámbrico,Accesorios,1,7186.0,Marisol Vargas,Puntarenas,Tarjeta,No
656,2025-05-12,Teclado mecánico,Accesorios,1,37688.0,Luis Chinchilla,Guanacaste,Sinpe Móvil,No
23,2025-05-27,Monitor 27 pulgadas curvo,Monitores,1,314500.0,Fabiola Araya,Guanacaste,Sinpe Móvil,Sí
804,2025-06-29,Mouse inalámbrico,Accesorios,5,11810.0,marisol vargas,Alajuela,Sinpe Móvil,Sí
674,2025-08-23,Monitor 27 pulgadas curvo,Monitores,1,294082.0,Marisol Vargas,Heredia,Sinpe Móvil,Sí
770,2025-07-15,Funda protectora celular,Accesorios,4,7064.0,Luis Chinchilla,Guanacaste,Efectivo,Sí
232,17/01/2025,Laptop gamer 15 pulgadas,Laptops,3,894594.0,luis chinchilla,Puntarenas,Transferencia,Sí
797,2025-05-26,Parlante bluetooth,Audio,1,29148.0,Marisol Vargas,Guanacaste,Sinpe Móvil,Sí
422,2025-09-15,Mouse inalámbrico,Accesorios,3,8056.0,Luis Chinchilla,Cartago,Efectivo,Si
1060,2025-07-27,Parlante bluetooth, Audio,2,48065.0,Kevin Solano,San José,Sinpe Móvil,Sí
1005,2025-07-16,Mouse inalámbrico,Accesorios,2,10860.0,Ana Rojas,Puntarenas,Transferencia,Sí
546,2025-03-09,Laptop 14 pulgadas,Laptops,1,424974.0,Fabiola Araya,Heredia,Sinpe Móvil,Si
553,2025-08-09,Teclado mecánico,Accesorios,5,26586.0,Kevin Solano,Heredia,Efectivo,No
419,2025-03-12,Laptop gamer 15 pulgadas,Laptops,3,716612.0,Fabiola Araya,Limón,Transferencia,Sí
171,2025-07-07,Mouse inalámbrico,Accesorios,3,7800.0,Fabiola Araya,Heredia,Tarjeta,Sí
155,2025-09-09,Funda protectora celular,accesorios,1,3700.0,Ana Rojas,Heredia,Efectivo,No
990,2025-02-06,Cargador portátil (power bank),Accesorios,1,10728.0,Fabiola Araya,San José,Sinpe Móvil,Sí
765,2025-08-11,Laptop gamer 15 pulgadas,Laptops,1,1070914.0,Ana Rojas,Alajuela,Sinpe Móvil,No
313,2025-06-19,Parlante bluetooth,Audio,3,45194.0,Kevin Solano,Cartago,Transferencia,Sí
1044,2025-04-01,Funda protectora celular,Accesorios,2,6350.0,Luis Chinchilla,Alajuela,Transferencia,No
686,2025-09-08,Teclado mecánico,Accesorios,5,,Fabiola Araya,Heredia,Transferencia,No
260,2025-02-07,Teclado mecánico,Accesorios,1,32707.0,Marisol Vargas,Alajuela,Tarjeta,Sí
861,2025-03-19,Cargador portatil (power bank),Accesorios,1,,Luis Chinchilla,Puntarenas,Tarjeta,No
550,2025-03-27,Laptop 14 pulgadas,Laptops,4,446231.0,Kevin Solano,Guanacaste,Tarjeta,No
283,2025-03-17,Laptop gamer 15 pulgadas,Laptops,1,713569.0,Fabiola Araya,Heredia,Tarjeta,No
1136,2025-08-05,Celular gama media,CELULARES,5,219493.0,fabiola araya,Cartago,Tarjeta,No
512,2025-01-23,Parlante bluetooth,Audio,4,36486.0,Marisol Vargas,Puntarenas,Tarjeta,Sí
221,2025-02-27,Celular gama media,Celulares,1,250109.0,ANA ROJAS,,Efectivo,Sí
822,2025-05-12,Monitor 27 pulgadas curvo,Monitores,5,296688.0,Marisol Vargas,Cartago,Sinpe Móvil,No
1123,2025-02-25,Funda protectora celular,Accesorios,1,4378.0,Fabiola Araya,Puntarenas,Efectivo,Sí
809,2025-09-05,Mouse inalámbrico,Accesorios,2,8943.0,marisol vargas,Guanacaste,Transferencia,No
879,2025-05-25,Celular gama alta,Celulares,3,500235.0,Kevin Solano,Alajuela,Tarjeta,Sí
335,2025-04-15,Cargador portátil (power bank),Accesorios,3,15591.0,Kevin Solano,Guanacaste,Sinpe Móvil,Sí
910,2025-09-27,Mouse inalámbrico,Accesorios,-1,8186.0,Luis Chinchilla,Cartago,Efectivo,No
67,2025-01-28,Laptop gamer 15 pulgadas,LAPTOPS,1,1096100.0,Marisol Vargas,San José,Efectivo,Sí
795,2025-05-05,Cargador portátil (power bank),Accesorios,1,10535.0,Marisol Vargas,Puntarenas,Efectivo,Sí
182,2025-04-26,Cargador portátil (power bank),Accesorios,2,9700.0,Kevin Solano,,Sinpe Móvil,Sí
996,2025-02-10,Monitor 27 pulgadas curvo,Monitores,5,304212.0,Luis Chinchilla,Puntarenas,Sinpe Móvil,Sí
666,2025-07-15,Teclado mecánico,Accesorios,3,27545.0,Luis Chinchilla,Cartago,Sinpe Móvil,No
678,2025-07-25,Audífonos inalámbricos,Audio,1,24499.0,Kevin Solano,San José,Efectivo,Sí
307,2025-05-18,Mouse inalámbrico,Accesorios,3,12121.0,Luis Chinchilla,Cartago,Sinpe Móvil,Sí
701,2025-02-06,Cargador portátil (power bank),Accesorios,4,19673.0,Marisol Vargas,Alajuela,Sinpe Móvil,No
969,2025-02-06,Audífonos inalámbricos,Audio,3,29718.0,Kevin Solano,Heredia,Sinpe Móvil,Sí
287,2025-09-16,Celular gama alta,Celulares,4,639088.0,Marisol Vargas,Guanacaste,Efectivo,No
618,2025-07-10,Laptop 14 pulgadas,Laptops,1,5004900.0,Luis Chinchilla,Puntarenas,Efectivo,Sí
591,2025-01-25,Celular gama media,Celulares,1,163443.0,Fabiola Araya,Alajuela,Tarjeta,Sí
537,2025-01-22,Monitor 27 pulgadas curvo,Monitores,2,237719.0,Marisol Vargas,Guanacaste,Transferencia,Sí
45,2025-08-06,Laptop gamer 15 pulgadas,Laptops,1,1092300.0,Fabiola Araya,Heredia,Tarjeta,No
80,2025-08-22,Celular gama alta,Celulares,2,484300.0,Fabiola Araya,Puntarenas,Efectivo,No
566,2025-02-25,Teclado mecánico,Accesorios,2,41669.0,Ana Rojas,Heredia,Efectivo,Sí
873,2025-06-27,Monitor 27 pulgadas curvo,Monitores,4,288853.0,Luis Chinchilla,San José,Sinpe Móvil,No
601,2025-08-08,Teclado mecánico,Accesorios,3,39030.0,Ana Rojas,Cartago,Tarjeta,Sí
604,2025-01-07,Monitor 27 pulgadas curvo,Monitores,3,308525.0,Ana Rojas,Guanacaste,Sinpe Móvil,No
118,2025-09-07,Audífonos inalámbricos,Audio,2,24300.0,Luis Chinchilla,Heredia,Tarjeta,Sí
492,2025-02-27,Laptop gamer 15 pulgadas,Laptops,3,772872.0,Fabiola Araya,San José,Transferencia,Sí
309,2025-05-13,Teclado mecánico,Accesorios,3,29314.0,Marisol Vargas,San José,Transferencia,Sí
494,2025-06-17,Monitor 27 pulgadas curvo,Monitores,1,256282.0,Luis Chinchilla,Puntarenas,Efectivo,No
1046,01/04/2025,Monitor 27 pulgadas curvo,Monitores,2,293978.0,Fabiola Araya,Heredia,Tarjeta,Sí
930,2025-07-22,Monitor 27 pulgadas curvo,Monitores,1,271655.0,Marisol Vargas,Limón,Tarjeta,Sí
47,2025-08-19,Monitor 27 pulgadas curvo,Monitores,1,222100.0,Marisol Vargas,Limón,Sinpe Móvil,No
389,2025-03-22,Audífonos inalámbricos,Audio,5,16194.0,Luis Chinchilla,Cartago,Sinpe Móvil,No
124,2025-02-08,Cargador portátil (power bank),Accesorios,1,19000.0,kevin solano,Heredia,Sinpe Móvil,No
27,2025-01-05,Laptop gamer 15 pulgadas,Laptops,2,1199100.0,Ana Rojas,San José,Efectivo,No
824,2025-03-01,Funda protectora celular,Accesorios,3,3518.0,Ana Rojas,San José,Efectivo,No
57,2025-01-22,Laptop gamer 15 pulgadas,Laptops,1,885600.0,Marisol Vargas,San José,Transferencia,Sí
1031,2025-03-14,Cargador portátil (power bank),Accesorios,4,16846.0,Fabiola Araya,Heredia,Tarjeta,sí
1041,2025-06-04,Celular gama media,Celulares,3,206536.0,Marisol Vargas,Puntarenas,Efectivo,si
1023,2025-09-04,Mouse inalámbrico,Accesorios,1,10244.0,Kevin Solano,Cartago,Transferencia,No
291,01/08/2025,Laptop 14 pulgadas,Laptops,4,459412.0,Fabiola Araya,Guanacaste,Tarjeta,Sí
774,2025-05-10,Laptop gamer 15 pulgadas,Laptops,2,748457.0,  Marisol Vargas  ,Limón,Tarjeta,No
365,2025-05-01,Laptop 14 pulgadas,Laptops,5,412559.0,Fabiola Araya,Cartago,Sinpe Móvil,Sí
180,2025-07-14,Laptop gamer 15 pulgadas,Laptops,4,867000.0,Marisol Vargas,Limón,Efectivo,Sí
982,2025-09-11,Teclado mecánico,Accesorios,1,25720.0,Ana Rojas,Heredia,Tarjeta,Sí
786,2025-03-26,Celular gama alta,Celulares,5,,Ana Rojas,Puntarenas,Efectivo,No 
957,2025-01-29,Parlante bluetooth,Audio,5,31878.0,Kevin Solano,Heredia,Tarjeta,SI
616,2025-05-06,Cargador portátil (power bank),Accesorios,1,14661.0,Fabiola Araya,Puntarenas,Efectivo,Sí
300,2025-03-06,Laptop gamer 15 pulgadas,Laptops,4,1031424.0,Marisol Vargas,Puntarenas,Sinpe Móvil,No
1015,2025-04-05,Parlante bluetooth,Audio,3,31721.0,Luis Chinchilla,San José,Sinpe Móvil,No
106,24/09/2025,Laptop 14 pulgadas,Laptops,1,553700.0,Ana Rojas,San José,Sinpe Móvil,No
927,2025-04-14,Parlante bluetooth,Audio,2,24182.0,Fabiola Araya,Limón,Sinpe Móvil,No
122,2025-08-12,Celular gama alta,Celulares,2,533400.0,Kevin Solano,Limón,Transferencia,No
549,2025-07-14,Celular gama media,Celulares,2,168743.0,Kevin Solano,Cartago,Sinpe Móvil,Sí
40,2025-07-29,Cargador portátil (power bank),Accesorios,1,18100.0,Fabiola Araya,Alajuela,Efectivo,No
519,2025-02-17,Teclado mecánico,Accesorios,5,37767.0,Ana Rojas,Alajuela,Transferencia,No
26,2025-04-15,Audífonos inalámbricos,Audio,2,24400.0,Marisol Vargas,Heredia,Efectivo,No
818,2025-07-22,Celular gama media,Celulares,4,229121.0,Marisol Vargas,Alajuela,Tarjeta,Sí
555,2025-07-12,Teclado mecánico,Accesorios,3,39513.0,Fabiola Araya,Cartago,Tarjeta,Sí
731,2025-02-08,Audífonos inalámbricos,Audio,4,22695.0,Kevin Solano,Cartago,Tarjeta,Sí
248,2025-08-31,Laptop gamer 15 pulgadas,Laptops,4,787109.0,Luis Chinchilla,San José,Sinpe Móvil,No
966,2025-06-09,Celular gama alta,Celulares,2,,Ana Rojas,Cartago,Transferencia,No
654,2025-03-14,Funda protectora celular,Accesorios,3,6703.0,Ana Rojas,Cartago,Transferencia,Sí
540,2025-06-19,Celular gama media,Celulares,4,252007.0,Ana Rojas,Limón,Tarjeta,No
757,2025-07-03,Funda protectora celular,Accesorios,1,6885.0,Kevin Solano,,Efectivo,Sí
459,31/01/2025,Parlante bluetooth,Audio,2,36507.0,Fabiola Araya,Guanacaste,Efectivo,No
828,2025-05-04,Parlante bluetooth,Audio,3,28824.0,Ana Rojas,Limón,Efectivo,No
41,2025-06-04,Teclado mecánico,Accesorios,1,40500.0,Marisol Vargas,Cartago,Efectivo,No
663,2025-07-04,Cargador portátil (power bank),Accesorios,1,14131.0,Kevin Solano,Limón,Sinpe Móvil,Sí
1096,2025-09-20,Teclado mecánico,Accesorios,5,24333.0,Kevin Solano,Puntarenas,Tarjeta,Sí
600,2025-08-15,Mouse inalámbrico,Accesorios,2,7072.0,Luis Chinchilla,Puntarenas,Tarjeta,No
642,2025-04-03,Monitor 24 pulgadas,Monitores,1,132321.0,Ana Rojas,Alajuela,Transferencia,Sí
557,2025-02-05,Monitor 24 pulgadas,Monitores,4,157108.0,Ana Rojas,San José,Transferencia,Si
266,2025-05-15,Celular gama media,Celulares,2,250066.0,Marisol Vargas,San José,Sinpe Móvil,Sí
603,2025-01-28,Monitor 24 pulgadas,Monitores,2,144642.0,  Luis Chinchilla  ,Puntarenas,Sinpe Móvil,Sí
999,2025-03-27,Monitor 24 pulgadas,Monitores,1,158654.0,Marisol Vargas,San José,Transferencia,No
582,2025-06-29,Laptop gamer 15 pulgadas,Laptops,5,1012713.0,Ana Rojas,Heredia,Efectivo,Sí
744,2025-05-08,Celular gama alta,Celulares,3,496297.0,Kevin Solano,,Sinpe Móvil,Sí
1131,2025-09-11,Monitor 24 pulgadas,Monitores,5,177961.0,Marisol Vargas,San José,Transferencia,No
921,2025-03-02,Laptop 14 pulgadas, Laptops,2,,Ana Rojas,San José,Tarjeta,No
491,2025-08-21,Monitor 24 pulgadas,Monitores,5,146702.0,Ana Rojas,Limón,Sinpe Móvil,No
436,2025-07-08,Laptop 14 pulgadas,Laptops,4,593477.0,Fabiola Araya,Guanacaste,Transferencia,Sí
277,2025-02-05,Mouse inalámbrico,Accesorios,3,10613.0,  Luis Chinchilla  ,San José,Transferencia,No
1118,2025-09-01,Laptop 14 pulgadas,Laptops,3,423031.0,Fabiola Araya,San José,Tarjeta,No
208,2025-07-03,Monitor 27 pulgadas curvo,Monitores,1,236800.0,Kevin Solano,Heredia,Tarjeta,No
571,2025-07-18,Celular gama alta,Celulares,5,494540.0,Luis Chinchilla,Cartago,Transferencia,No
387,2025-03-14,Laptop 14 pulgadas,Laptops,1,402022.0,Marisol Vargas,Puntarenas,Sinpe Móvil,No
1108,2025-09-20,Celular gama media,Celulares,5,158001.0,Luis Chinchilla,Cartago,Tarjeta,Sí
144,2025-01-11,Mouse inalámbrico,Accesorios,1,10200.0,kevin solano,Cartago,Transferencia,No
239,2025-02-24,Monitor 27 pulgadas curvo,Monitores,3,299484.0,Marisol Vargas,Heredia,Efectivo,Sí
589,2025-07-23,Laptop 14 pulgadas,Laptops,2,612351.0,Ana Rojas,Guanacaste,Transferencia,No 
881,2025-01-17,Laptop 14 pulgadas,Laptops,5,534020.0,Fabiola Araya,San José,Sinpe Móvil,No
773,2025-04-18,Monitor 24 pulgadas,Monitores,3,124822.0,Marisol Vargas,,Efectivo,Sí
1058,2025-03-09,Laptop gamer 15 pulgadas,Laptops,3,840853.0,Luis Chinchilla,Alajuela,Sinpe Móvil,No
632,2025-08-20,Mouse inalámbrico,Accesorios,5,11437.0,Ana Rojas,Alajuela,Sinpe Móvil,Sí
446,2025-08-17,Monitor 24 pulgadas,Monitores,2,179746.0,Kevin Solano,San José,Sinpe Móvil,Sí
164,2025-05-06,Monitor 27 pulgadas curvo,Monitores,3,279000.0,Marisol Vargas,Heredia,Tarjeta,No
581,2025-08-19,Cargador portátil (power bank),Accesorios,3,13183.0,Luis Chinchilla,Guanacaste,Tarjeta,Sí
252,2025-01-08,Celular gama media,Celulares,1,275060.0,  Ana Rojas  ,Puntarenas,Sinpe Móvil,No
82,2025-07-13,Mouse inalámbrico,Accesorios,2,,  LUIS CHINCHILLA  ,Guanacaste,Efectivo,No
1107,2025-01-10,Laptop 14 pulgadas,Laptops,4,561760.0,Luis Chinchilla,Puntarenas,Tarjeta,Sí
699,2025-06-21,Celular gama media,Celulares,1,180004.0,Ana Rojas,San José,Transferencia,No
1143,2025-06-10,Celular gama media,Celulares,2,205932.0,Kevin Solano,Heredia,Sinpe Móvil,Sí
576,2025-09-06,Cargador portátil (power bank),Accesorios,2,1134.0,Fabiola Araya,Heredia,Sinpe Móvil,No
536,2025-01-05,Celular gama media,Celulares,2,16116.0,Fabiola Araya,San José,Transferencia,Sí
145,2025-02-23,Cargador portátil (power bank),Accesorios,3,18600.0,  Marisol Vargas  ,Alajuela,Tarjeta,No
691,2025-06-04,Funda protectora celular,Accesorios,5,7074.0,Fabiola Araya,Heredia,Tarjeta,Sí
679,2025-09-01,Parlante bluetooth,Audio,3,51602.0,Luis Chinchilla,Cartago,Transferencia,No
263,2025-02-23,Celular gama media,Celulares,2,185703.0,Luis Chinchilla,San José,Efectivo,No
605,2025-03-30,Monitor 27 pulgadas curvo,Monitores,4,310536.0,Luis Chinchilla,Alajuela,Tarjeta,Sí
761,2025-05-05,Laptop gamer 15 pulgadas,Laptops,1,1038101.0,Kevin Solano,Guanacaste,Tarjeta,No
720,2025-09-19,Laptop 14 pulgadas,Laptops,-1,553655.0,Luis Chinchilla,Cartago,Efectivo,No
785,2025-09-14,Funda protectora celular,Accesorios,5,3626.0,KEVIN SOLANO,Heredia,Tarjeta,Sí
580,2025-01-22,Monitor 27 pulgadas curvo,Monitores,4,270543.0,Fabiola Araya,Alajuela,Efectivo,No
792,13/03/2025,Monitor 27 pulgadas curvo,Monitores,4,233229.0,Luis Chinchilla,Heredia,Transferencia,Sí
88,2025-07-30,Mouse inalámbrico,Accesorios,2,13100.0,Luis Chinchilla,Alajuela,Tarjeta,No
444,2025-03-12,Laptop 14 pulgadas,Laptops,5,468068.0,Kevin Solano,San José,Transferencia,Sí
1091,2025-03-12,Parlante bluetooth,Audio,2,28138.0,Fabiola Araya,Cartago,Sinpe Móvil,Sí
295,2025-03-07,Funda protectora celular,Accesorios,5,5710.0,Fabiola Araya,Heredia,Tarjeta,Sí
525,2025-06-10,Teclado mecánico,Accesorios,4,24869.0,Ana Rojas,,Efectivo,Sí
188,17/06/2025,Mouse inalámbrico,Accesorios,1,12000.0,Luis Chinchilla,Alajuela,Sinpe Móvil,Sí
708,2025-09-15,Mouse inalámbrico,Accesorios,5,8520.0,Luis Chinchilla,Limón,Tarjeta,No
276,2025-01-23,Monitor 24 pulgadas,Monitores,4,110118.0,Marisol Vargas,San José,Efectivo,No
845,2025-03-24,Laptop 14 pulgadas,Laptops,3,434772.0,Kevin Solano,,Transferencia,No
638,2025-01-18,Audífonos inalámbricos,Audio,5,29860.0,Ana Rojas,San José,Transferencia,no
965,2025-02-14,Cargador portátil (power bank),Accesorios,3,14603.0,Luis Chinchilla,Alajuela,Transferencia,SI
360,2025-06-23,Parlante bluetooth,Audio,1,37455.0,Luis Chinchilla,Puntarenas,Efectivo,No
552,2025-01-04,Monitor 24 pulgadas,Monitores,4,133255.0,Marisol Vargas,Guanacaste,Transferencia,No
595,2025-04-20,Cargador portátil (power bank),Accesorios,4,99350.0,Marisol Vargas,Puntarenas,Sinpe Móvil,Sí
50,2025-06-02,Parlante bluetooth,Audio,3,,Kevin Solano,Puntarenas,Efectivo,No
1070,2025-03-17,Laptop 14 pulgadas,Laptops,4,416120.0,Ana Rojas,Heredia,Tarjeta,No
953,2025-02-04,Monitor 24 pulgadas,Monitores,3,131020.0,Marisol Vargas,Cartago,Tarjeta,Sí
236,2025-03-23,Celular gama media,Celulares,4,230515.0,Fabiola Araya,Guanacaste,Sinpe Móvil,No
386,2025-06-08,Parlante bluetooth,Audio,3,33584.0,Ana Rojas,,Efectivo,No
456,2025-03-20,Celular gama alta,Celulares,2,582382.0,Marisol Vargas,Cartago,Tarjeta,Sí
876,2025-03-24,Monitor 24 pulgadas,Monitores,1,147180.0,Fabiola Araya,Cartago,Transferencia,No
709,2025-08-22,Monitor 24 pulgadas,Monitores,5,151746.0,Kevin Solano,Guanacaste,Efectivo,No
935,2025-05-09,Laptop 14 pulgadas,Laptops,3,,Ana Rojas,San José,Tarjeta,Sí
1047,2025-08-16,Laptop gamer 15 pulgadas,Laptops,5,985679.0,Fabiola Araya,Puntarenas,Transferencia,Sí
787,2025-01-21,Teclado mecánico,Accesorios,2,38468.0,Ana Rojas,Alajuela,Transferencia,No
1065,2025-06-21,Audífonos inalámbricos,Audio,2,27951.0,Fabiola Araya,San José,Efectivo,Sí
34,01/04/2025,Celular gama media,Celulares,4,153700.0,Marisol Vargas,Limón,Sinpe Móvil,No
89,15/03/2025,Teclado mecánico,accesorios,1,35200.0,Kevin Solano,Cartago,Tarjeta,No
333,2025-02-15,Funda protectora celular,Accesorios,3,4386.0,Luis Chinchilla,Limón,Sinpe Móvil,Sí
1013,2025-04-09,Monitor 24 pulgadas,Monitores,1,111659.0,Luis Chinchilla,Alajuela,Efectivo,Sí
1071,2025-03-09,Mouse inalámbrico,Accesorios,4,8788.0,FABIOLA ARAYA,San José,Tarjeta,No
85,2025-06-23,Audífonos inalámbricos,Audio,2,26900.0,Ana Rojas,Limón,Transferencia,No
400,2025-03-17,Parlante bluetooth,Audio,2,25393.0,Kevin Solano,Puntarenas,Efectivo,Sí
132,2025-02-17,Mouse inalámbrico,Accesorios,2,9800.0,Marisol Vargas,San José,Transferencia,Sí
350,2025-03-31,Audífonos inalámbricos,Audio,1,29628.0,Fabiola Araya,Heredia,Efectivo,No
1012,2025-02-20,Mouse inalámbrico,Accesorios,5,7186.0,Fabiola Araya,Cartago,Efectivo,No
855,2025-05-27,Teclado mecánico,Accesorios,4,34167.0,Fabiola Araya,Limón,Sinpe Móvil,No
789,2025-01-21,Cargador portátil (power bank),Accesorios,3,10239.0,Marisol Vargas,San José,Transferencia,No
685,2025-07-08,Monitor 24 pulgadas,Monitores,4,145359.0,Luis Chinchilla,San José,Tarjeta,Sí
521,2025-06-20,Laptop gamer 15 pulgadas,Laptops,3,1178080.0,Luis Chinchilla,Puntarenas,Efectivo,Sí
414,2025-09-17,Laptop 14 pulgadas,Laptops,5,580429.0,Marisol Vargas,Alajuela,Transferencia,Sí
497,2025-03-23,Monitor 24 pulgadas,Monitores,4,158025.0,Kevin Solano,San José,Tarjeta,No
332,2025-06-18,Audífonos inalámbricos,Audio,4,31648.0,Kevin Solano,San José,Sinpe Móvil,Sí
939,2025-04-03,Celular gama media,Celulares,1,271303.0,Ana Rojas,Alajuela,Transferencia,Sí
984,2025-06-12,Laptop gamer 15 pulgadas,Laptops,3,980841.0,Kevin Solano,Guanacaste,Transferencia,Sí
798,2025-07-30,Laptop gamer 15 pulgadas,Laptops,5,762783.0,Marisol Vargas,Limón,Efectivo,NO
358,2025-06-01,Laptop 14 pulgadas,Laptops,3,559395.0,Ana Rojas,Puntarenas,Efectivo,No
63,2025-06-30,Parlante bluetooth,Audio,3,30800.0,Marisol Vargas,Alajuela,Tarjeta,No
1021,19/07/2025,Celular gama media,celulares,3,170467.0,Kevin Solano,Guanacaste,Tarjeta,No
943,2025-06-28,Cargador portátil (power bank),Accesorios,1,10744.0,  Luis Chinchilla  ,San José,Transferencia,No
477,03/08/2025,Teclado mecánico,Accesorios,2,31846.0,ana rojas,Guanacaste,Sinpe Móvil,Sí
220,2025-02-10,Funda protectora celular,Accesorios,2,,Ana Rojas,San José,Sinpe Móvil,Sí
442,2025-08-13,Audífonos inalámbricos,Audio,1,18030.0,Ana Rojas,Limón,Transferencia,No
153,2025-07-10,Parlante bluetooth,Audio,1,23100.0,Luis Chinchilla,Puntarenas,Transferencia,No
314,2025-04-09,Laptop 14 pulgadas,Laptops,3,408693.0,Marisol Vargas,Limón,Efectivo,Sí
296,2025-08-08,Celular gama media,Celulares,2,267025.0,Ana Rojas,Alajuela,Transferencia,No
826,2025-06-25,Mouse inalámbrico,Accesorios,1,10160.0,Ana Rojas,Guanacaste,Transferencia,No
1009,2025-07-01,Laptop 14 pulgadas, Laptops,4,526517.0,Kevin Solano,Cartago,Transferencia,No
557,2025-02-05,Monitor 24 pulgadas,Monitores,4,157108.0,Ana Rojas,San José,Transferencia,Si
614,2025-09-19,Funda protectora celular,Accesorios,3,3461.0,Marisol Vargas,Puntarenas,Transferencia,Sí
204,2025-06-03,Celular gama alta,Celulares,4,400500.0,Kevin Solano,San José,Sinpe Móvil,No
740,2025-06-23,Parlante bluetooth,Audio,1,46986.0,Luis Chinchilla,San José,Tarjeta,No
702,2025-01-28,Mouse inalámbrico,Accesorios,2,7407.0,Ana Rojas,Cartago,Sinpe Móvil,No
5,2025-07-05,Cargador portátil (power bank),Accesorios,2,18200.0,Ana Rojas,Guanacaste,Efectivo,No
423,2025-02-20,Teclado mecánico,Accesorios,3,39036.0,Ana Rojas,Alajuela,Transferencia,No
121,2025-08-02,Funda protectora celular,Accesorios,1,5000.0,Marisol Vargas,Alajuela,Sinpe Móvil,No
130,2025-03-18,Funda protectora celular,Accesorios,1,5900.0,Luis Chinchilla,Cartago,Transferencia,No
1076,2025-03-31,Audífonos inalámbricos,Audio,2,18870.0,Luis Chinchilla,Alajuela,Transferencia,Sí
722,2025-06-10,Teclado mecánico,Accesorios,4,38032.0,Luis Chinchilla,Limón,Tarjeta,Sí
959,2025-03-26,Mouse inalámbrico, Accesorios,5,10498.0,Ana Rojas,Heredia,Tarjeta,No
948,2025-02-14,Celular gama alta,Celulares,4,603944.0,Marisol Vargas,Limón,Transferencia,No
72,2025-05-28,Teclado mecánico,Accesorios,1,30700.0,Marisol Vargas,Guanacaste,Sinpe Móvil,No
724,25/06/2025,Teclado mecánico,Accesorios,2,,Fabiola Araya,Guanacaste,Transferencia,No
763,2025-06-01,Cargador portátil (power bank),Accesorios,2,,Luis Chinchilla,Alajuela,Efectivo,Sí
760,2025-09-01,Celular gama alta,Celulares,5,636817.0,Luis Chinchilla,Alajuela,Transferencia,No
1139,2025-04-14,Mouse inalámbrico,ACCESORIOS,4,10694.0,Luis Chinchilla,Limón,Efectivo,No
991,2025-03-12,Laptop 14 pulgadas,Laptops,4,586437.0,Marisol Vargas,Guanacaste,Efectivo,No
676,2025-02-21,Celular gama alta,Celulares,3,651267.0,Kevin Solano,Guanacaste,Transferencia,No
527,2025-06-22,Funda protectora celular,Accesorios,3,6788.0,Fabiola Araya,San José,Sinpe Móvil,No
203,2025-07-15,Cargador portátil (power bank),Accesorios,3,,Kevin Solano,Heredia,Efectivo,Sí
1128,2025-01-19,Funda protectora celular,ACCESORIOS,1,,Kevin Solano,San José,Efectivo,No
71,2025-08-06,Celular gama alta,Celulares,1,428700.0,Luis Chinchilla,Cartago,Efectivo,Sí
135,2025-08-13,Celular gama media,Celulares,1,204600.0,Luis Chinchilla,Heredia,Transferencia,No
1061,2025-02-06,Celular gama media,Celulares,4,270614.0,Kevin Solano,Heredia,Tarjeta,No
128,2025-02-13,Parlante bluetooth,Audio,2,26900.0,Luis Chinchilla,Guanacaste,Sinpe Móvil,No
359,2025-09-14,Monitor 27 pulgadas curvo,Monitores,3,298386.0,Kevin Solano,Limón,Sinpe Móvil,NO
135,2025-08-13,Celular gama media,Celulares,1,204600.0,Luis Chinchilla,Heredia,Transferencia,No
735,2025-04-16,Monitor 27 pulgadas curvo,Monitores,4,,Kevin Solano,Limón,Tarjeta,Sí
1148,2025-05-01,Monitor 24 pulgadas,Monitores,4,126694.0,Ana Rojas,Puntarenas,Tarjeta,Sí
112,2025-01-27,Funda protectora celular,Accesorios,5,6000.0,Marisol Vargas,San José,Efectivo,Sí
1069,2025-07-20,Laptop 14 pulgadas,Laptops,2,449209.0,Luis Chinchilla,Alajuela,Efectivo,No
713,2025-02-25,Celular gama media,Celulares,1,156512.0,Luis Chinchilla,Guanacaste,Sinpe Móvil,No
667,2025-04-26,Monitor 24 pulgadas,Monitores,3,149497.0,Ana Rojas,Limón,Tarjeta,Sí
627,2025-07-21,Teclado mecánico,Accesorios,3,30043.0,Kevin Solano,Puntarenas,Tarjeta,Sí
704,2025-01-30,Celular gama media,Celulares,1,211027.0,Ana Rojas,Limón,Efectivo,Sí
3,2025-01-04,Audífonos inalámbricos,Audio,3,19800.0,Kevin Solano,Cartago,Transferencia,Sí
756,2025-08-27,Teclado mecánico,Accesorios,2,24759.0,Kevin Solano,Heredia,Tarjeta,No
573,2025-05-03,Laptop 14 pulgadas,Laptops,3,408068.0,Kevin Solano,San José,Efectivo,No
211,2025-09-09,Monitor 27 pulgadas curvo,Monitores,2,285300.0,Marisol Vargas,Alajuela,Efectivo,No
376,2025-02-25,Mouse inalámbrico,Accesorios,4,112020.0,Fabiola Araya,Alajuela,Tarjeta,No
609,2025-02-03,Mouse inalámbrico,Accesorios,3,11111.0,Ana Rojas,,Efectivo,Sí
681,2025-05-18,Teclado mecánico,Accesorios,4,35495.0,Luis Chinchilla,Puntarenas,Sinpe Móvil,sí
815,2025-01-06,Funda protectora celular,Accesorios,2,7198.0,Marisol Vargas,Cartago,Efectivo,Sí
251,2025-04-04,Mouse inalámbrico,Accesorios,3,,Luis Chinchilla,Guanacaste,Tarjeta,Sí
293,2025-06-30,Cargador portátil (power bank),Accesorios,3,18042.0,Fabiola Araya,Heredia,Efectivo,No
271,2025-03-23,Monitor 24 pulgadas,Monitores,1,136778.0,Luis Chinchilla,Limón,Sinpe Móvil,Sí
746,2025-04-18,Laptop gamer 15 pulgadas,Laptops,5,1054336.0,Kevin Solano,,Efectivo,Sí
721,2025-05-16,Monitor 24 pulgadas,Monitores,4,113506.0,Ana Rojas,Limón,Tarjeta,No
328,2025-09-10,Monitor 27 pulgadas curvo,Monitores,4,224883.0,LUIS CHINCHILLA,Guanacaste,Transferencia,No
325,2025-08-21,Parlante bluetooth,Audio,1,44684.0,Kevin Solano,Limón,Efectivo,No
156,2025-06-27,Parlante bluetooth,Audio,3,42000.0,Marisol Vargas,Cartago,Efectivo,No
1057,2025-02-20,Funda protectora celular,Accesorios,4,5528.0,Luis Chinchilla,Heredia,Tarjeta,No
775,2025-02-07,Celular gama media,Celulares,3,240678.0,Kevin Solano,,Efectivo,No
420,2025-09-22,Parlante bluetooth,audio,1,31407.0,Ana Rojas,Cartago,Sinpe Móvil,Sí
783,2025-04-19,Celular gama alta,Celulares,1,547026.0,Marisol Vargas,Heredia,Sinpe Móvil,Sí
74,2025-05-18,Cargador portátil (power bank),Accesorios,2,18900.0,Luis Chinchilla,Heredia,Sinpe Móvil,No
44,2025-04-10,Cargador portátil (power bank),Accesorios,3,,Kevin Solano,Alajuela,Efectivo,No
933,2025-09-14,Parlante bluetooth,Audio,1,27932.0,Marisol Vargas,San José,Efectivo,No
941,2025-09-01,Laptop gamer 15 pulgadas,Laptops,4,899177.0,Luis Chinchilla,Heredia,Tarjeta,Sí
769,2025-09-15,Teclado mecánico,Accesorios,1,29507.0,Kevin Solano,Heredia,Tarjeta,No
639,2025-09-03,Mouse inalámbrico,Accesorios,1,7079.0,Fabiola Araya,Puntarenas,Sinpe Móvil,Sí
624,2025-03-14,Cargador portátil (power bank),Accesorios,3,10116.0,ana rojas,Limón,Sinpe Móvil,No
997,2025-06-09,Celular gama media,Celulares,5,157125.0,Kevin Solano,Heredia,Tarjeta,No
242,2025-02-10,Celular gama alta,Celulares,1,606530.0,Luis Chinchilla,Limón,Efectivo,Sí
1011,2025-04-03,Celular gama media,Celulares,3,223928.0,Luis Chinchilla,Limón,Tarjeta,Sí
97,2025-07-10,Cargador portátil (power bank),Accesorios,1,12000.0,Ana Rojas,Puntarenas,Transferencia,No
267,2025-02-08,Laptop 14 pulgadas,Laptops,2,510942.0,Kevin Solano,Heredia,Efectivo,No
622,2025-07-29,Cargador portátil (power bank),Accesorios,1,11796.0,KEVIN SOLANO,San José,Tarjeta,No
284,2025-04-10,Mouse inalámbrico,Accesorios,4,9763.0,Ana Rojas,Puntarenas,Tarjeta,si
615,2025-02-22,Monitor 24 pulgadas,Monitores,5,157188.0,Luis Chinchilla,Puntarenas,Tarjeta,Si
334,2025-08-25,Celular gama media,Celulares,4,157318.0,Marisol Vargas,Cartago,Sinpe Móvil,No
561,2025-02-24,Mouse inalámbrico,Accesorios,1,7151.0,Ana Rojas,Heredia,Efectivo,No
99,21/08/2025,Monitor 24 pulgadas,Monitores,1,176500.0,Fabiola Araya,Heredia,Efectivo,No
1122,2025-09-01,Teclado mecánico,Accesorios,5,42053.0,Fabiola Araya,Heredia,Transferencia,Sí
473,2025-06-03,Parlante bluetooth,Audio,4,48920.0,Kevin Solano,Cartago,Tarjeta,No
75,2025-02-16,Monitor 27 pulgadas curvo,Monitores,2,243100.0,Marisol Vargas,Guanacaste,Tarjeta,No
254,2025-08-21,Monitor 24 pulgadas,Monitores,3,1396110.0,Marisol Vargas,San José,Sinpe Móvil,Sí
486,2025-07-31,Laptop 14 pulgadas,Laptops,3,552166.0,Luis Chinchilla,San José,Efectivo,Sí
131,2025-06-08,Laptop gamer 15 pulgadas,Laptops,2,1003900.0,Marisol Vargas,Limón,Efectivo,No
932,2025-01-28,Monitor 24 pulgadas,Monitores,5,,Fabiola Araya,Limón,Sinpe Móvil,Sí
64,2025-04-05,Funda protectora celular,Accesorios,1,6700.0,Marisol Vargas,Guanacaste,Transferencia,No
12,2025-05-17,Cargador portátil (power bank),Accesorios,3,13400.0,Marisol Vargas,Heredia,Efectivo,No 
1082,2025-01-13,Monitor 24 pulgadas,Monitores,4,153227.0,Ana Rojas,Guanacaste,Transferencia,Sí
344,2025-06-19,Monitor 27 pulgadas curvo,Monitores,1,302671.0,Fabiola Araya,Alajuela,Sinpe Móvil,Sí
28,2025-07-09,Celular gama alta,Celulares,1,503400.0,  FABIOLA ARAYA  ,Guanacaste,Transferencia,No
888,2025-07-25,Monitor 27 pulgadas curvo, Monitores,5,250076.0,Ana Rojas,Heredia,Sinpe Móvil,No
752,2025-06-10,Celular gama media,Celulares,5,157263.0,Kevin Solano,Puntarenas,Sinpe Móvil,Sí
413,2025-09-06,Teclado mecánico,Accesorios,2,28304.0,Ana Rojas,Puntarenas,Tarjeta,No
1008,2025-08-11,Monitor 27 pulgadas curvo,Monitores,1,245302.0,Fabiola Araya,Guanacaste,Transferencia,Sí
670,2025-02-10,Monitor 24 pulgadas,Monitores,4,173194.0,Luis Chinchilla,Heredia,Efectivo,Sí
319,2025-02-28,Funda protectora celular,accesorios,1,5083.0,LUIS CHINCHILLA,Heredia,Tarjeta,Sí
1079,2025-07-27,Cargador portátil (power bank),Accesorios,4,18222.0,FABIOLA ARAYA,Cartago,Efectivo,Sí
391,2025-05-26,Laptop 14 pulgadas,Laptops,5,496792.0,Kevin Solano,Alajuela,Efectivo,No
192,2025-05-07,Celular gama alta,Celulares,2,558500.0,Ana Rojas,Puntarenas,Sinpe Móvil,No
596,25/06/2025,Cargador portátil (power bank),Accesorios,1,20858.0,Fabiola Araya,San José,Efectivo,No
505,2025-08-05,Cargador portátil (power bank),Accesorios,3,17405.0,Marisol Vargas,Alajuela,Tarjeta,No
129,2025-07-18,Audífonos inalámbricos,Audio,-1,25200.0,Fabiola Araya,San José,Transferencia,Sí
836,24/05/2025,Mouse inalámbrico,Accesorios,4,7687.0,Ana Rojas,,Efectivo,Sí
961,2025-06-04,Funda protectora celular,Accesorios,-2,5668.0,Ana Rojas,Alajuela,Transferencia,Sí
169,2025-02-25,Laptop 14 pulgadas,Laptops,1,618300.0,Marisol Vargas,Limón,Sinpe Móvil,No
275,2025-06-10,Teclado mecánico, Accesorios,4,35518.0,Marisol Vargas,Alajuela,Sinpe Móvil,SI
371,2025-03-17,Teclado mecánico,Accesorios,5,24054.0,Ana Rojas,Puntarenas,Transferencia,Sí
905,2025-06-29,Audífonos inalámbricos,Audio,5,34718.0,Fabiola Araya,Heredia,Efectivo,No
720,2025-09-19,Laptop 14 pulgadas,Laptops,-1,553655.0,Luis Chinchilla,Cartago,Efectivo,No
1078,2025-03-17,Teclado mecánico,Accesorios,3,32520.0,Ana Rojas,Heredia,Transferencia,Sí
1130,2025-08-29,Celular gama media,Celulares,4,225904.0,Ana Rojas,Heredia,Tarjeta,No
1062,2025-05-19,Mouse inalámbrico,Accesorios,5,10080.0,Ana Rojas,Limón,Tarjeta,No
1049,2025-02-07,Laptop gamer 15 pulgadas,Laptops,4,988397.0,Luis Chinchilla,Guanacaste,Efectivo,Sí
15,2025-09-06,Funda protectora celular,Accesorios,3,7900.0,Fabiola Araya,Limón,Efectivo,Sí
408,2025-09-25,Monitor 27 pulgadas curvo,Monitores,5,232557.0,Kevin Solano,Cartago,Sinpe Móvil,No
189,2025-06-18,Audifonos inalambricos,audio,1,,Ana Rojas,Cartago,Transferencia,No
1083,2025-01-29,Teclado mecánico,Accesorios,5,36185.0,  Marisol Vargas  ,Heredia,Efectivo,No
548,2025-05-30,Cargador portátil (power bank),Accesorios,4,13654.0,Luis Chinchilla,San José,Efectivo,Sí
425,2025-03-18,Laptop gamer 15 pulgadas,Laptops,5,1169515.0,Marisol Vargas,Heredia,Sinpe Móvil,Sí
989,2025-07-16,Monitor 27 pulgadas curvo,Monitores,3,299316.0,Ana Rojas,Cartago,Efectivo,Sí
737,2025-02-19,Laptop 14 pulgadas,Laptops,2,380527.0,Kevin Solano,Limón,Transferencia,No
363,2025-06-17,Cargador portátil (power bank),Accesorios,5,11656.0,Luis Chinchilla,San José,Sinpe Móvil,No
361,2025-07-07,Monitor 27 pulgadas curvo,Monitores,1,294487.0,Luis Chinchilla,Cartago,Tarjeta,No
502,2025-04-16,Laptop 14 pulgadas,Laptops,5,497319.0,Marisol Vargas,Guanacaste,Tarjeta,No
645,2025-06-12,Laptop gamer 15 pulgadas,Laptops,3,1156130.0,Luis Chinchilla,San José,Transferencia,Sí
405,2025-01-22,Celular gama alta,Celulares,4,664986.0,Marisol Vargas,San José,Efectivo,No
195,2025-07-22,Laptop 14 pulgadas,Laptops,1,380800.0,Luis Chinchilla,Puntarenas,Tarjeta,Sí
438,2025-08-09,Laptop 14 pulgadas,Laptops,5,618824.0,Ana Rojas,Heredia,Transferencia,No
777,2025-06-12,Laptop gamer 15 pulgadas,Laptops,4,919829.0,Marisol Vargas,San José,Transferencia,Sí
743,2025-07-18,Laptop 14 pulgadas,Laptops,5,525479.0,Kevin Solano,Heredia,Sinpe Móvil,No
821,2025-09-17,Mouse inalámbrico,Accesorios,-1,10187.0,Marisol Vargas,Cartago,Transferencia,Sí
551,2025-05-07,Monitor 24 pulgadas,Monitores,4,151566.0,Ana Rojas,Guanacaste,Tarjeta,Sí
396,2025-08-02,Parlante bluetooth,Audio,3,25801.0,luis chinchilla,Cartago,Efectivo,No
1135,2025-02-28,Monitor 24 pulgadas,Monitores,3,121885.0,Marisol Vargas,Cartago,Tarjeta,NO
385,14/01/2025,Mouse inalámbrico,Accesorios,5,12632.0,Kevin Solano,Alajuela,Efectivo,No
754,2025-04-01,Funda protectora celular,Accesorios,1,4079.0,Ana Rojas,San José,Tarjeta,No
928,2025-05-07,Funda protectora celular,Accesorios,4,5103.0,Luis Chinchilla,Heredia,Sinpe Móvil,No
902,2025-04-12,Monitor 27 pulgadas curvo,Monitores,4,255741.0,Marisol Vargas,Puntarenas,Efectivo,si
692,2025-07-11,Monitor 27 pulgadas curvo,Monitores,5,280440.0,Marisol Vargas,Cartago,Transferencia,Sí
218,2025-09-01,Funda protectora celular,Accesorios,1,7600.0,Marisol Vargas,,Tarjeta,Sí
835,2025-04-05,Teclado mecánico,Accesorios,4,32055.0,FABIOLA ARAYA,San José,Transferencia,No
565,2025-08-13,Laptop 14 pulgadas,Laptops,4,456538.0,Kevin Solano,Alajuela,Tarjeta,Sí
830,10/07/2025,Funda protectora celular,Accesorios,5,4682.0,Marisol Vargas,Limón,Transferencia,No
547,2025-02-15,Cargador portátil (power bank),Accesorios,3,15651.0,Marisol Vargas,Heredia,Transferencia,No
193,2025-09-16,Mouse inalámbrico,Accesorios,1,10800.0,Luis Chinchilla,Cartago,Sinpe Móvil,Sí
150,2025-05-31,Celular gama media,Celulares,1,162000.0,Marisol Vargas,Cartago,Sinpe Móvil,No
916,16/01/2025,Mouse inalámbrico,Accesorios,5,12764.0,Ana Rojas,Puntarenas,Transferencia,No
330,21/01/2025,Celular gama alta,Celulares,2,520265.0,Fabiola Araya,Cartago,Efectivo,No
588,2025-09-07,Funda protectora celular,Accesorios,3,5935.0,Luis Chinchilla,San José,Sinpe Móvil,No
528,30/06/2025,Audífonos inalámbricos,Audio,2,18359.0,  Marisol Vargas  ,Guanacaste,Efectivo,Sí
288,2025-05-13,Funda protectora celular,Accesorios,2,7147.0,Kevin Solano,Limón,Sinpe Móvil,Si
634,2025-02-13,Teclado mecánico,Accesorios,5,35136.0,Luis Chinchilla,Alajuela,Tarjeta,Sí
1017,2025-06-20,Mouse inalámbrico,Accesorios,1,8204.0,Kevin Solano,Puntarenas,Sinpe Móvil,Sí
229,2025-05-23,Mouse inalámbrico,Accesorios,4,10696.0,Kevin Solano,Puntarenas,Transferencia,No
200,2025-02-21,Laptop gamer 15 pulgadas,Laptops,2,895500.0,Ana Rojas,Alajuela,Tarjeta,No
1055,2025-08-11,Teclado mecánico,Accesorios,5,28226.0,Marisol Vargas,Puntarenas,Tarjeta,No
903,2025-05-17,Laptop 14 pulgadas,Laptops,4,457619.0,Marisol Vargas,Alajuela,Tarjeta,No
597,2025-04-28,Laptop 14 pulgadas,Laptops,4,401439.0,Luis Chinchilla,Alajuela,Transferencia,No
138,12/02/2025,Audífonos inalámbricos,Audio,3,23200.0,Fabiola Araya,,Sinpe Móvil,Sí
1075,2025-01-25,Monitor 24 pulgadas,Monitores,2,134718.0,Fabiola Araya,Puntarenas,Efectivo,No
644,29/01/2025,Monitor 24 pulgadas,Monitores,2,150298.0,Fabiola Araya,Cartago,Efectivo,Sí
751,19/09/2025,Laptop gamer 15 pulgadas,Laptops,3,1043397.0,Luis Chinchilla,Guanacaste,Sinpe Móvil,No
1114,2025-07-01,Audífonos inalámbricos,Audio,4,25178.0,Marisol Vargas,Puntarenas,Sinpe Móvil,Sí
370,2025-04-16,Audífonos inalámbricos,Audio,1,34916.0,Marisol Vargas,Puntarenas,Efectivo,Sí
643,2025-07-03,Funda protectora celular,Accesorios,5,7898.0,Ana Rojas,Alajuela,Efectivo,Sí
447,2025-03-11,Laptop 14 pulgadas,Laptops,1,488490.0,Fabiola Araya,,Transferencia,No
437,2025-09-12,Funda protectora celular,Accesorios,3,7544.0,Marisol Vargas,Cartago,Tarjeta,No
499,2025-08-30,Mouse inalámbrico,Accesorios,5,11793.0,Ana Rojas,Limón,Efectivo,Sí
412,2025-08-05,Celular gama media,Celulares,5,198847.0,Kevin Solano,Cartago,Efectivo,Sí
7,2025-03-29,Teclado mecánico,Accesorios,2,24600.0,Kevin Solano,Heredia,Transferencia,No
98,2025-06-04,Funda protectora celular,Accesorios,2,3600.0,Ana Rojas,San José,Transferencia,No
399,2025-09-19,Laptop 14 pulgadas,Laptops,1,507345.0,Ana Rojas,Limón,Transferencia,No
159,2025-02-07,Parlante bluetooth,Audio,1,47200.0,Marisol Vargas,Alajuela,Efectivo,No
884,2025-05-17,Celular gama alta,Celulares,5,378416.0,Luis Chinchilla,Limón,Transferencia,Sí
33,2025-07-03,Laptop 14 pulgadas,Laptops,1,447400.0,Ana Rojas,Cartago,Sinpe Móvil,No
817,2025-01-01,Laptop gamer 15 pulgadas,Laptops,2,734290.0,Kevin Solano,Limón,Sinpe Móvil,No
728,2025-08-14,Mouse inalámbrico,Accesorios,1,6918.0,Kevin Solano,Alajuela,Efectivo,NO
510,2025-06-27,Funda protectora celular,Accesorios,2,,Luis Chinchilla,Alajuela,Sinpe Móvil,Sí
323,2025-02-11,Monitor 24 pulgadas,Monitores,2,126791.0,Marisol Vargas,Alajuela,Efectivo,Sí
479,2025-03-30,Teclado mecánico,Accesorios,4,4133.0,Kevin Solano,Heredia,Transferencia,No
247,2025-05-02,Monitor 27 pulgadas curvo,Monitores,3,,Ana Rojas,Heredia,Efectivo,No
172,2025-03-18,Monitor 27 pulgadas curvo,Monitores,2,257000.0,Marisol Vargas,Puntarenas,Transferencia,Sí
1084,2025-01-12,Laptop gamer 15 pulgadas,Laptops,1,964590.0,Fabiola Araya,San José,Tarjeta,No
225,2025-03-21,Monitor 24 pulgadas,Monitores,2,177005.0,Kevin Solano,Alajuela,Tarjeta,No
1000,2025-08-31,Cargador portátil (power bank),Accesorios,5,11029.0,Luis Chinchilla,San José,Transferencia,Sí
629,2025-07-03,Laptop 14 pulgadas,Laptops,2,488460.0,Fabiola Araya,Cartago,Tarjeta,Sí
24,2025-02-01,Mouse inalámbrico,Accesorios,3,6500.0,Fabiola Araya,Heredia,Efectivo,Sí
1066,2025-06-30,Teclado mecánico,Accesorios,3,33568.0,Fabiola Araya,Cartago,Tarjeta,Sí
1054,2025-08-31,Laptop gamer 15 pulgadas, Laptops,4,832377.0,Fabiola Araya,,Efectivo,Sí
851,2025-03-29,Monitor 27 pulgadas curvo,Monitores,1,220445.0,Kevin Solano,Limón,Transferencia,No
534,2025-07-23,Monitor 24 pulgadas,Monitores,1,136114.0,Fabiola Araya,Guanacaste,Efectivo,Sí
611,2025-03-12,Cargador portátil (power bank),Accesorios,1,10966.0,Kevin Solano,Heredia,Transferencia,Sí
466,2025-08-29,Funda protectora celular,Accesorios,3,5722.0,Luis Chinchilla,Guanacaste,Efectivo,No
901,2025-07-24,Laptop 14 pulgadas,Laptops,-5,484278.0,Ana Rojas,Limón,Efectivo,No
650,2025-07-11,Laptop 14 pulgadas,Laptops,4,520644.0,Kevin Solano,Cartago,Transferencia,Sí
924,2025-04-29,Celular gama alta,Celulares,2,59184.0,Kevin Solano,Alajuela,Sinpe Móvil,Sí
154,2025-04-06,Funda protectora celular,Accesorios,2,4900.0,Fabiola Araya,San José,Transferencia,No
123,2025-02-28,Cargador portátil (power bank),Accesorios,2,11500.0,Marisol Vargas,Cartago,Efectivo,Sí
668,2025-06-26,Celular gama media,Celulares,5,205888.0,marisol vargas,Puntarenas,Tarjeta,No
121,2025-08-02,Funda protectora celular,Accesorios,1,5000.0,Marisol Vargas,Alajuela,Sinpe Móvil,No
870,2025-01-05,Laptop gamer 15 pulgadas,Laptops,1,986349.0,Fabiola Araya,San José,Efectivo,No
452,2025-02-07,Celular gama alta,Celulares,2,685885.0,Luis Chinchilla,Guanacaste,Sinpe Móvil,No
810,2025-06-26,Celular gama alta,Celulares,4,607808.0,Luis Chinchilla,San José,Efectivo,No
983,2025-03-18,Celular gama media,Celulares,4,221720.0,Fabiola Araya,Heredia,Sinpe Móvil,Sí
590,2025-06-22,Monitor 24 pulgadas,Monitores,5,150455.0,Marisol Vargas,Limón,Sinpe Móvil,No
748,2025-01-07,Mouse inalámbrico,Accesorios,5,7203.0,Fabiola Araya,Puntarenas,Tarjeta,Sí
508,2025-07-21,Audífonos inalámbricos,Audio,5,18056.0,Ana Rojas,Limón,Tarjeta,Sí
680,09/09/2025,Monitor 24 pulgadas,Monitores,1,178075.0,Ana Rojas,Puntarenas,Transferencia,No 
931,2025-08-14,Monitor 24 pulgadas,Monitores,-4,171908.0,Kevin Solano,Guanacaste,Efectivo,No
575,2025-05-28,Funda protectora celular,Accesorios,2,4079.0,Fabiola Araya,Heredia,Tarjeta,No
1024,2025-02-16,Cargador portátil (power bank),Accesorios,3,15416.0,Kevin Solano,Alajuela,Sinpe Móvil,No
1074,2025-03-09,Monitor 24 pulgadas,Monitores,3,122022.0,Kevin Solano,Puntarenas,Sinpe Móvil,No
511,2025-04-16,Laptop gamer 15 pulgadas,Laptops,1,741457.0,Luis Chinchilla,Guanacaste,Tarjeta,Sí
346,2025-07-23,Teclado mecánico,accesorios,1,40184.0,Marisol Vargas,Guanacaste,Transferencia,No
914,2025-06-06,Laptop gamer 15 pulgadas,Laptops,3,939866.0,ANA ROJAS,Alajuela,Transferencia,No
1019,2025-02-24,Laptop gamer 15 pulgadas, Laptops,4,1054854.0,Luis Chinchilla,Alajuela,Tarjeta,Sí
151,2025-06-30,Laptop 14 pulgadas,Laptops,2,497400.0,Ana Rojas,San José,Sinpe Móvil,No
517,2025-06-03,Laptop gamer 15 pulgadas,Laptops,2,1100946.0,Luis Chinchilla,Heredia,Sinpe Móvil,No
181,2025-05-12,Monitor 27 pulgadas curvo,Monitores,3,217800.0,  Fabiola Araya  ,Cartago,Transferencia,Sí
280,2025-04-18,Monitor 24 pulgadas,Monitores,4,165003.0,Marisol Vargas,San José,Transferencia,No
767,2025-07-28,Monitor 24 pulgadas,Monitores,4,141579.0,Fabiola Araya,Guanacaste,Transferencia,Sí
697,2025-04-24,Parlante bluetooth,Audio,5,,Fabiola Araya,San José,Transferencia,No
175,2025-01-27,Celular gama alta,Celulares,2,409700.0,Fabiola Araya,,Sinpe Móvil,Sí
711,2025-03-09,Parlante bluetooth,Audio,2,46225.0,Marisol Vargas,Heredia,Efectivo,Sí
246,2025-02-06,Cargador portátil (power bank),Accesorios,1,11747.0,Luis Chinchilla,Limón,Transferencia,Sí
955,2025-06-19,Laptop gamer 15 pulgadas,Laptops,3,1160363.0,Fabiola Araya,Guanacaste,Tarjeta,Sí
1110,2025-06-29,Celular gama media,Celulares,1,162255.0,Kevin Solano,Heredia,Transferencia,No
22,2025-03-27,Celular gama alta,Celulares,1,518500.0,Kevin Solano,San José,Efectivo,No
977,06/02/2025,Teclado mecánico,Accesorios,3,34122.0,Fabiola Araya,Heredia,Sinpe Móvil,Sí
1043,2025-04-17,Celular gama media,Celulares,3,157164.0,Luis Chinchilla,Limón,Efectivo,No
867,2025-06-09,Mouse inalámbrico,Accesorios,3,7547.0,Luis Chinchilla,San José,Tarjeta,No
470,2025-09-18,Laptop gamer 15 pulgadas,Laptops,4,945040.0,Luis Chinchilla,Alajuela,Efectivo,No
463,2025-03-23,Laptop gamer 15 pulgadas,Laptops,3,1166213.0,Kevin Solano,Puntarenas,Efectivo,No
772,2025-03-14,Monitor 27 pulgadas curvo,Monitores,1,221094.0,MARISOL VARGAS,Heredia,Sinpe Móvil,Sí
119,2025-05-29,Audífonos inalámbricos,Audio,1,15200.0,Kevin Solano,Alajuela,Efectivo,No
179,2025-05-28,Audífonos inalámbricos,Audio,3,35700.0,Kevin Solano,Cartago,Sinpe Móvil,Sí
946,2025-08-07,Laptop 14 pulgadas,Laptops,5,395582.0,Fabiola Araya,Puntarenas,Tarjeta,No
326,2025-04-26,Laptop 14 pulgadas,Laptops,2,598019.0,Ana Rojas,Alajuela,Tarjeta,Sí
286,2025-08-22,Laptop 14 pulgadas,Laptops,2,572340.0,Marisol Vargas,Heredia,Transferencia,No
853,2025-06-08,Monitor 27 pulgadas curvo,Monitores,3,264202.0,Ana Rojas,Limón,Tarjeta,No
591,2025-01-25,Celular gama media,Celulares,1,163443.0,Fabiola Araya,Alajuela,Tarjeta,Sí
110,2025-07-11,Audífonos inalámbricos,Audio,-5,35600.0,Kevin Solano,San José,Tarjeta,No
402,2025-06-11,Celular gama media,Celulares,2,209368.0,Fabiola Araya,Guanacaste,Transferencia,No
1087,2025-08-17,Monitor 24 pulgadas,Monitores,5,116132.0,Fabiola Araya,San José,Sinpe Móvil,No
531,2025-09-05,Cargador portátil (power bank),Accesorios,4,9189.0,Marisol Vargas,Heredia,Sinpe Móvil,Sí
854,2025-07-07,Monitor 24 pulgadas,Monitores,4,128186.0,Kevin Solano,Alajuela,Tarjeta,Sí
294,2025-05-20,Laptop gamer 15 pulgadas,LAPTOPS,4,937677.0,Fabiola Araya,Cartago,Sinpe Móvil,Sí
651,2025-08-12,Audífonos inalámbricos,Audio,4,30580.0,Ana Rojas,San José,Transferencia,Sí
886,2025-09-27,Laptop gamer 15 pulgadas,Laptops,2,980714.0,Ana Rojas,Heredia,Sinpe Móvil,Sí
21,2025-02-08,Celular gama alta,Celulares,1,651500.0,Fabiola Araya,,Tarjeta,No
698,2025-04-03,Audífonos inalámbricos,Audio,3,17342.0,Ana Rojas,San José,Transferencia,SI
641,2025-07-03,Parlante bluetooth,Audio,4,39969.0,Fabiola Araya,Cartago,Transferencia,No
630,2025-06-05,Audífonos inalámbricos,Audio,-5,15968.0,Kevin Solano,Puntarenas,Tarjeta,Sí
102,2025-06-20,Laptop 14 pulgadas,Laptops,1,41400.0,Fabiola Araya,Alajuela,Tarjeta,No
140,2025-06-21,Cargador portátil (power bank),Accesorios,3,10800.0,Marisol Vargas,Limón,Sinpe Móvil,No
18,2025-01-17,Laptop gamer 15 pulgadas,Laptops,4,689000.0,Luis Chinchilla,Cartago,Sinpe Móvil,Sí
887,2025-07-03,Celular gama media,Celulares,4,244844.0,Fabiola Araya,Alajuela,Efectivo,Sí
541,2025-02-20,Cargador portátil (power bank),Accesorios,4,11786.0,Luis Chinchilla,,Sinpe Móvil,No
382,2025-06-18,Celular gama alta,Celulares,1,500567.0,Fabiola Araya,Limón,Tarjeta,No
449,2025-09-18,Teclado mecánico,Accesorios,2,26306.0,Ana Rojas,Limón,Efectivo,Sí
823,05/09/2025,Celular gama alta,Celulares,2,614966.0,Fabiola Araya,San José,Sinpe Móvil,si
689,2025-03-09,Funda protectora celular,Accesorios,2,6025.0,Luis Chinchilla,Puntarenas,Transferencia,No
206,2025-04-07,Laptop gamer 15 pulgadas,Laptops,3,973200.0,Fabiola Araya,Alajuela,Sinpe Móvil,Sí
1025,2025-04-14,Celular gama media,Celulares,2,224854.0,Fabiola Araya,San José,Efectivo,No
577,2025-09-09,Celular gama media,Celulares,4,245869.0,Fabiola Araya,Guanacaste,Efectivo,Sí
38,19/09/2025,Monitor 24 pulgadas,Monitores,1,,Luis Chinchilla,Cartago,Tarjeta,No
981,2025-02-19,Monitor 27 pulgadas curvo,Monitores,4,234265.0,FABIOLA ARAYA,Alajuela,Tarjeta,No
349,2025-05-31,Cargador portátil (power bank),Accesorios,3,13498.0,Ana Rojas,Puntarenas,Sinpe Móvil,Sí
779,2025-08-12,Laptop gamer 15 pulgadas,Laptops,3,1118456.0,Ana Rojas,San José,Transferencia,No
562,2025-07-20,Teclado mecánico,Accesorios,4,38675.0,Marisol Vargas,San José,Efectivo,No
696,2025-01-19,Mouse inalámbrico,Accesorios,5,11173.0,Marisol Vargas,Limón,Efectivo,No
584,2025-05-30,Parlante bluetooth,Audio,3,40900.0,Marisol Vargas,San José,Tarjeta,Sí
125,2025-06-11,Parlante bluetooth,Audio,1,22700.0,Kevin Solano,Guanacaste,Transferencia,No
612,2025-03-06,Teclado mecánico,Accesorios,-3,37926.0,Luis Chinchilla,Limón,Tarjeta,No
384,2025-02-25,Laptop gamer 15 pulgadas,Laptops,3,1121140.0,Kevin Solano,Alajuela,Transferencia,Sí
871,2025-05-08,Laptop 14 pulgadas,Laptops,2,499981.0,Marisol Vargas,Cartago,Tarjeta,Sí
185,2025-09-11,Monitor 24 pulgadas,Monitores,1,162400.0,Marisol Vargas,San José,Tarjeta,Sí
56,2025-07-12,Cargador portátil (power bank),Accesorios,1,18300.0,Ana Rojas,Puntarenas,Efectivo,Sí
848,2025-03-27,Laptop gamer 15 pulgadas,Laptops,4,742535.0,Luis Chinchilla,Guanacaste,Tarjeta,Sí
994,2025-07-07,Monitor 27 pulgadas curvo,Monitores,1,312867.0,Marisol Vargas,Guanacaste,Transferencia,Sí
1119,2025-09-25,Funda protectora celular,Accesorios,1,3760.0,Fabiola Araya,Guanacaste,Tarjeta,Sí
166,2025-05-17,Laptop gamer 15 pulgadas,Laptops,1,727500.0,Ana Rojas,Cartago,Sinpe Móvil,No
978,2025-05-05,Celular gama alta,Celulares,5,417477.0,Fabiola Araya,Guanacaste,Tarjeta,No
116,2025-07-09,Celular gama media,Celulares,1,198700.0,  FABIOLA ARAYA  ,Puntarenas,Tarjeta,No
299,2025-01-21,Celular gama media,Celulares,1,278198.0,Ana Rojas,Limón,Tarjeta,Sí
1081,2025-08-15,Celular gama alta,Celulares,3,592419.0,Fabiola Araya,Alajuela,Efectivo,Sí
464,2025-08-28,Monitor 27 pulgadas curvo,Monitores,4,303149.0,Fabiola Araya,Alajuela,Tarjeta,No
409,2025-01-27,Teclado mecánico,Accesorios,3,25252.0,Luis Chinchilla,Heredia,Sinpe Móvil,No
199,2025-04-07,Audífonos inalámbricos,Audio,4,36800.0,Ana Rojas,San José,Sinpe Móvil,No
543,2025-07-14,Audífonos inalámbricos,Audio,1,33532.0,Kevin Solano,Limón,Efectivo,Sí
1030,2025-09-25,Celular gama media,Celulares,4,276912.0,Marisol Vargas,Puntarenas,Efectivo,Sí
219,2025-07-23,Celular gama media,Celulares,4,194900.0,Fabiola Araya,Alajuela,Sinpe Móvil,No
212,2025-01-31,Cargador portátil (power bank),Accesorios,2,19900.0,Ana Rojas,Limón,Tarjeta,No
623,2025-07-12,Cargador portátil (power bank),Accesorios,3,10247.0,Marisol Vargas,Puntarenas,Sinpe Móvil,No
846,2025-07-22,Celular gama alta,Celulares,3,657938.0,Kevin Solano,San José,Sinpe Móvil,No
398,2025-02-10,Monitor 27 pulgadas curvo,Monitores,4,302311.0,Kevin Solano,Puntarenas,Transferencia,Sí
55,2025-07-08,Audífonos inalámbricos,Audio,1,33200.0,Ana Rojas,,Efectivo,No
520,2025-01-21,Celular gama media,Celulares,1,175402.0,Marisol Vargas,San José,Efectivo,No
915,2025-06-04,Teclado mecánico,Accesorios,2,42924.0,Marisol Vargas,Cartago,Tarjeta,No
637,2025-08-07,Celular gama media,Celulares,2,197782.0,Ana Rojas,Cartago,Transferencia,No
739,2025-04-11,Monitor 24 pulgadas,Monitores,2,118452.0,Fabiola Araya,Puntarenas,Sinpe Móvil,Sí
559,2025-09-17,Monitor 27 pulgadas curvo,Monitores,4,270277.0,Kevin Solano,San José,Tarjeta,Sí
892,2025-06-03,Cargador portátil (power bank),Accesorios,2,11578.0,Kevin Solano,Alajuela,Transferencia,Sí
318,2025-05-26,Cargador portátil (power bank),Accesorios,4,14745.0,Kevin Solano,Puntarenas,Tarjeta,No
481,2025-05-28,Monitor 24 pulgadas,Monitores,2,158317.0,Fabiola Araya,Cartago,Sinpe Móvil,No
661,2025-02-21,Cargador portátil (power bank),Accesorios,3,11467.0,Ana Rojas,Guanacaste,Transferencia,No
719,2025-01-02,Laptop gamer 15 pulgadas,Laptops,1,1032533.0,Luis Chinchilla,Limón,Sinpe Móvil,sí
799,2025-06-25,Audífonos inalámbricos,Audio,4,29317.0,Luis Chinchilla,Puntarenas,Sinpe Móvil,No
148,2025-05-27,Celular gama alta,Celulares,1,623300.0,Marisol Vargas,Cartago,Tarjeta,No
243,2025-09-01,Celular gama media,Celulares,5,172292.0,Marisol Vargas,Limón,Sinpe Móvil,si
796,2025-03-17,Celular gama alta,Celulares,1,419893.0,Ana Rojas,Heredia,Sinpe Móvil,Sí
554,2025-04-01,Teclado mecánico,Accesorios,4,42406.0,Kevin Solano,San José,Sinpe Móvil,Sí
381,2025-02-13,Laptop 14 pulgadas,Laptops,1,483650.0,Kevin Solano,Limón,Efectivo,Sí
803,2025-08-04,Monitor 27 pulgadas curvo,Monitores,3,302733.0,Marisol Vargas,Guanacaste,Efectivo,No
1029,2025-06-23,Cargador portatil (power bank),Accesorios,1,13053.0,Luis Chinchilla,,Tarjeta,Sí
152,2025-08-13,Celular gama media,Celulares,1,,Marisol Vargas,Cartago,Sinpe Móvil,No
147,2025-04-13,Laptop 14 pulgadas,Laptops,4,465200.0,Marisol Vargas,Puntarenas,Sinpe Móvil,No
1129,2025-03-10,Mouse inalámbrico,Accesorios,3,11224.0,Fabiola Araya,Limón,Tarjeta,No
168,2025-05-04,Monitor 27 pulgadas curvo,Monitores,1,235900.0,Ana Rojas,Cartago,Sinpe Móvil,No
589,2025-07-23,Laptop 14 pulgadas,Laptops,2,612351.0,Ana Rojas,Guanacaste,Transferencia,No 
868,2025-06-02,Funda protectora celular,Accesorios,2,4894.0,Luis Chinchilla,Limón,Efectivo,Sí
587,2025-08-01,Celular gama media,Celulares,4,211019.0,Luis Chinchilla,Guanacaste,Transferencia,No
1033,2025-03-29,Celular gama alta,Celulares,5,386106.0,Luis Chinchilla,Alajuela,Sinpe Móvil,Sí
590,2025-06-22,Monitor 24 pulgadas,Monitores,5,150455.0,Marisol Vargas,Limón,Sinpe Móvil,No
545,2025-02-24,Teclado mecánico,Accesorios,1,24099.0,Kevin Solano,Guanacaste,Transferencia,no
675,2025-03-18,Mouse inalámbrico,Accesorios,2,10240.0,Marisol Vargas,Limón,Tarjeta,sí
290,2025-02-11,Monitor 27 pulgadas curvo,Monitores,2,231781.0,Fabiola Araya,San José,Efectivo,Sí
388,2025-06-24,Funda protectora celular,Accesorios,2,4939.0,Kevin Solano,Limón,Tarjeta,Sí
652,2025-03-31,Celular gama media,Celulares,4,,Kevin Solano,Puntarenas,Efectivo,Sí
784,2025-07-20,Teclado mecánico,Accesorios,2,40937.0,Marisol Vargas,San José,Transferencia,Sí
640,2025-09-27,Celular gama media,Celulares,2,235152.0,Marisol Vargas,Limón,Tarjeta,No
163,2025-05-16,Teclado mecánico,Accesorios,2,38700.0,Kevin Solano,Puntarenas,Tarjeta,No
457,2025-01-24,Laptop 14 pulgadas,Laptops,5,4435170.0,Ana Rojas,Limón,Sinpe Móvil,Sí
586,2025-06-14,Audífonos inalámbricos,Audio,2,33275.0,Fabiola Araya,Guanacaste,Efectivo,No
1022,2025-08-12,Funda protectora celular,Accesorios,4,7167.0,Luis Chinchilla,Heredia,Efectivo,Sí
336,2025-05-03,Cargador portátil (power bank),Accesorios,2,12729.0,Luis Chinchilla,Heredia,Sinpe Móvil,Sí
560,2025-07-01,Laptop gamer 15 pulgadas,Laptops,2,1019970.0,Luis Chinchilla,Heredia,Sinpe Móvil,No
269,2025-02-22,Celular gama media,Celulares,3,255316.0,Fabiola Araya,Heredia,Efectivo,Sí
1125,2025-06-05,Audífonos inalámbricos,audio,5,29958.0,Luis Chinchilla,San José,Sinpe Móvil,No
1048,2025-06-16,Laptop 14 pulgadas,Laptops,2,403535.0,Fabiola Araya,Limón,Efectivo,No
10,2025-07-24,Monitor 24 pulgadas,Monitores,-1,,Luis Chinchilla,Puntarenas,Sinpe Móvil,Sí
1064,2025-08-27,Teclado mecánico,Accesorios,5,24777.0,Kevin Solano,Puntarenas,Tarjeta,Sí
259,2025-06-10,Laptop gamer 15 pulgadas,LAPTOPS,2,825463.0,  Ana Rojas  ,San José,Transferencia,No
1144,2025-09-22,Cargador portátil (power bank),Accesorios,2,15922.0,Ana Rojas,San José,Sinpe Móvil,No
483,2025-05-29,Audífonos inalámbricos,Audio,1,,Luis Chinchilla,Cartago,Sinpe Móvil,No
986,2025-07-09,Cargador portátil (power bank),Accesorios,5,20615.0,Luis Chinchilla,,Transferencia,sí
274,2025-03-01,Cargador portátil (power bank),Accesorios,3,11143.0,Kevin Solano,Alajuela,Tarjeta,No
530,2025-04-29,Audífonos inalámbricos,Audio,1,31972.0,Luis Chinchilla,Puntarenas,Sinpe Móvil,No
942,2025-05-23,Monitor 27 pulgadas curvo,Monitores,5,278606.0,Ana Rojas,Alajuela,Efectivo,Sí
433,2025-04-04,Celular gama media,Celulares,2,158519.0,Fabiola Araya,Alajuela,Transferencia,Sí
1080,2025-09-17,Parlante bluetooth,Audio,3,43359.0,Kevin Solano,Guanacaste,Transferencia,Sí
898,2025-03-18,Teclado mecánico,Accesorios,3,33546.0,  Ana Rojas  ,Puntarenas,Tarjeta,No
1109,2025-01-06,Monitor 24 pulgadas,Monitores,1,164766.0,Marisol Vargas,Puntarenas,Efectivo,Sí
100,2025-01-17,Audífonos inalámbricos,Audio,2,21500.0,Kevin Solano,Alajuela,Transferencia,Sí
814,2025-09-24,Celular gama alta,Celulares,3,599830.0,Marisol Vargas,Alajuela,Efectivo,No
484,2025-09-03,Parlante bluetooth,Audio,2,28668.0,Marisol Vargas,Cartago,Transferencia,Sí
421,2025-02-16,Mouse inalámbrico,Accesorios,2,11890.0,Kevin Solano,Alajuela,Sinpe Móvil,Sí
143,2025-06-30,Laptop 14 pulgadas,Laptops,1,,Ana Rojas,Puntarenas,Transferencia,Sí
808,2025-08-05,Monitor 24 pulgadas,Monitores,5,135595.0,Kevin Solano,San José,Sinpe Móvil,Sí
18,2025-01-17,Laptop gamer 15 pulgadas,Laptops,4,689000.0,Luis Chinchilla,Cartago,Sinpe Móvil,Sí
167,2025-06-10,Parlante bluetooth,Audio,1,26400.0,Fabiola Araya,Heredia,Sinpe Móvil,No
162,2025-03-20,Teclado mecánico,Accesorios,1,,Fabiola Araya,,Tarjeta,No
631,2025-07-22,Teclado mecánico,Accesorios,5,24930.0,Kevin Solano,Cartago,Efectivo,Sí
137,2025-03-12,Celular gama alta,Celulares,4,368300.0,Kevin Solano,Limón,Transferencia,No
844,2025-03-16,Funda protectora celular,Accesorios,2,6211.0,Kevin Solano,Guanacaste,Sinpe Móvil,Sí
17,2025-03-03,Monitor 27 pulgadas curvo,Monitores,1,,Ana Rojas,Puntarenas,Efectivo,No
114,2025-01-14,Cargador portátil (power bank),Accesorios,2,17600.0,Marisol Vargas,San José,Efectivo,Sí
8,2025-04-28,Laptop 14 pulgadas,Laptops,3,597400.0,Kevin Solano,Cartago,Tarjeta,Sí
196,2025-08-30,Laptop gamer 15 pulgadas,Laptops,1,874900.0,Luis Chinchilla,Limón,Sinpe Móvil,No
833,2025-01-05,Teclado mecánico,Accesorios,1,36808.0,Fabiola Araya,Heredia,Tarjeta,No
174,2025-06-07,Teclado mecánico,Accesorios,3,37600.0,Ana Rojas,Puntarenas,Sinpe Móvil,Sí
435,2025-01-19,Monitor 24 pulgadas,Monitores,2,130028.0,Luis Chinchilla,Limón,Transferencia,No
101,2025-02-01,Parlante bluetooth,Audio,1,27600.0,Ana Rojas,Limón,Sinpe Móvil,Sí
1035,2025-04-20,Teclado mecánico,Accesorios,1,35269.0,Kevin Solano,Alajuela,Tarjeta,No
568,2025-08-10,Celular gama media,Celulares,4,153941.0,Marisol Vargas,Puntarenas,Sinpe Móvil,No
462,2025-08-19,Monitor 24 pulgadas,Monitores,2,119861.0,Luis Chinchilla,Cartago,Sinpe Móvil,No
205,2025-06-19,Celular gama alta,Celulares,2,,  MARISOL VARGAS  ,San José,Efectivo,Sí
569,2025-01-03,Mouse inalámbrico,Accesorios,2,7858.0,Luis Chinchilla,Heredia,Tarjeta,Sí
157,2025-04-25,Mouse inalámbrico,Accesorios,1,7800.0,Luis Chinchilla,Alajuela,Sinpe Móvil,si
880,2025-03-08,Cargador portatil (power bank),Accesorios,2,,Ana Rojas,Alajuela,Sinpe Móvil,Sí
1028,2025-02-02,Mouse inalámbrico,Accesorios,5,10746.0,Fabiola Araya,Heredia,Sinpe Móvil,Sí
474,2025-06-07,Celular gama alta,Celulares,1,561980.0,Kevin Solano,San José,Efectivo,Sí
633,2025-03-04,Audífonos inalámbricos,Audio,1,,Ana Rojas,Puntarenas,Efectivo,No
1116,2025-01-21,Monitor 27 pulgadas curvo,Monitores,1,249155.0,luis chinchilla,Guanacaste,Transferencia,No
700,2025-07-10,Teclado mecánico,Accesorios,3,35126.0,Fabiola Araya,,Tarjeta,No
840,2025-04-21,Cargador portátil (power bank),Accesorios,3,14718.0,Luis Chinchilla,Guanacaste,Transferencia,No
917,2025-03-12,Celular gama media,Celulares,1,248535.0,Marisol Vargas,San José,Efectivo,No
4,2025-07-03,Laptop gamer 15 pulgadas,Laptops,3,982000.0,Ana Rojas,Guanacaste,Sinpe Móvil,No
366,2025-02-20,Mouse inalámbrico,Accesorios,4,10563.0,KEVIN SOLANO,Alajuela,Transferencia,Sí
985,2025-01-05,Celular gama alta,Celulares,5,690519.0,Fabiola Araya,Limón,Efectivo,No
347,2025-01-19,Monitor 27 pulgadas curvo,Monitores,5,223705.0,Kevin Solano,Puntarenas,Tarjeta,No
417,2025-05-03,Laptop gamer 15 pulgadas,Laptops,3,1182454.0,Fabiola Araya,Limón,Efectivo,No
265,17/02/2025,Cargador portátil (power bank),Accesorios,4,18952.0,Luis Chinchilla,Alajuela,Transferencia,Sí
255,2025-06-01,Laptop gamer 15 pulgadas,Laptops,2,1184042.0,Marisol Vargas,San José,Tarjeta,No
920,2025-09-26,Parlante bluetooth,Audio,2,36192.0,Ana Rojas,San José,Efectivo,No
908,2025-02-26,Teclado mecánico,Accesorios,3,32551.0,Luis Chinchilla,Cartago,Efectivo,Sí
102,2025-06-20,Laptop 14 pulgadas,Laptops,1,414000.0,Fabiola Araya,Alajuela,Tarjeta,No
1016,2025-06-15,Mouse inalámbrico,Accesorios,3,7569.0,Luis Chinchilla,Cartago,Tarjeta,No
707,2025-01-03,Cargador portátil (power bank),Accesorios,2,11715.0,Kevin Solano,Cartago,Efectivo,Sí
973,2025-08-28,Laptop 14 pulgadas,laptops,1,489340.0,Fabiola Araya,Guanacaste,Efectivo,Sí
434,2025-04-13,Cargador portátil (power bank),Accesorios,1,12787.0,Kevin Solano,Heredia,Sinpe Móvil,No
749,2025-05-17,Laptop gamer 15 pulgadas,Laptops,2,1191602.0,Kevin Solano,Puntarenas,Tarjeta,No
362,2025-05-15,Teclado mecánico,Accesorios,5,31239.0,Kevin Solano,Alajuela,Efectivo,No
895,2025-06-16,Parlante bluetooth,Audio,4,27706.0,Marisol Vargas,Limón,Tarjeta,No
683,2025-09-17,Monitor 24 pulgadas,Monitores,4,119495.0,Marisol Vargas,Heredia,Tarjeta,Sí
816,2025-09-19,Celular gama alta,Celulares,5,595488.0,Marisol Vargas,Puntarenas,Tarjeta,No
117,2025-05-20,Laptop gamer 15 pulgadas,Laptops,1,883200.0,Fabiola Araya,Heredia,Sinpe Móvil,Sí
94,2025-08-01,Parlante bluetooth,Audio,1,2530.0,Fabiola Araya,Cartago,Transferencia,No
447,2025-03-11,Laptop 14 pulgadas,Laptops,1,488490.0,Fabiola Araya,,Transferencia,No
606,2025-04-21,Monitor 24 pulgadas,Monitores,1,174581.0,Fabiola Araya,Heredia,Transferencia,No
679,2025-09-01,Parlante bluetooth,Audio,3,51602.0,Luis Chinchilla,Cartago,Transferencia,No
201,2025-03-13,Laptop 14 pulgadas,Laptops,2,458100.0,Fabiola Araya,Cartago,Transferencia,Sí
538,2025-05-24,Laptop 14 pulgadas,Laptops,5,515242.0,  Luis Chinchilla  ,Puntarenas,Transferencia,Sí
642,2025-04-03,Monitor 24 pulgadas,Monitores,1,132321.0,Ana Rojas,Alajuela,Transferencia,Sí
912,2025-05-30,Cargador portátil (power bank),Accesorios,4,11774.0,Fabiola Araya,Heredia,Tarjeta,No
331,2025-09-09,Celular gama media,Celulares,1,213451.0,Fabiola Araya,Cartago,Transferencia,Sí
1059,2025-08-24,Audífonos inalámbricos,Audio,5,32935.0,Luis Chinchilla,Guanacaste,Sinpe Móvil,Sí
620,2025-07-08,Cargador portátil (power bank),Accesorios,2,12499.0,Kevin Solano,San José,Efectivo,No
6,2025-05-23,Monitor 24 pulgadas,Monitores,2,168400.0,Luis Chinchilla,Cartago,Transferencia,Sí
109,2025-08-09,Celular gama alta,Celulares,2,,Marisol Vargas,Limón,Sinpe Móvil,No
490,2025-05-29,Audífonos inalámbricos,Audio,1,15222.0,Marisol Vargas,Heredia,Tarjeta,No
380,2025-08-07,Teclado mecánico,Accesorios,3,36637.0,Kevin Solano,Puntarenas,Sinpe Móvil,Sí
907,2025-01-28,Parlante bluetooth,Audio,2,53315.0,Ana Rojas,Limón,Transferencia,Sí
506,2025-05-27,Cargador portátil (power bank),Accesorios,4,11160.0,Ana Rojas,Limón,Sinpe Móvil,No
468,2025-05-28,Monitor 27 pulgadas curvo,Monitores,1,254862.0,Fabiola Araya,Limón,Transferencia,Si
35,2025-02-25,Funda protectora celular,Accesorios,1,3200.0,Kevin Solano,Alajuela,Efectivo,No
885,2025-09-23,Laptop gamer 15 pulgadas,Laptops,1,741625.0,Ana Rojas,Heredia,Sinpe Móvil,Sí
9,2025-09-13,Cargador portátil (power bank),Accesorios,1,20900.0,Kevin Solano,Alajuela,Transferencia,Sí
778,2025-07-06,Celular gama alta,Celulares,3,681357.0,Ana Rojas,Alajuela,Transferencia,Sí
515,2025-08-07,Celular gama media,Celulares,5,216909.0,Kevin Solano,San José,Sinpe Móvil,No
107,2025-02-07,Monitor 27 pulgadas curvo,Monitores,4,231900.0,Luis Chinchilla,San José,Efectivo,Sí
308,2025-07-14,Funda protectora celular,Accesorios,3,3335.0,Kevin Solano,Puntarenas,Sinpe Móvil,Sí
429,2025-02-13,Celular gama media,Celulares,5,281578.0,Luis Chinchilla,Heredia,Tarjeta,No
514,2025-03-15,Monitor 24 pulgadas,Monitores,5,125473.0,Kevin Solano,Cartago,Tarjeta,Sí
613,2025-05-20,Mouse inalámbrico,Accesorios,5,6922.0,  Marisol Vargas  ,San José,Tarjeta,No
599,2025-01-05,Monitor 27 pulgadas curvo,Monitores,5,280702.0,Fabiola Araya,Cartago,Efectivo,Sí
73,2025-08-10,Laptop 14 pulgadas,Laptops,3,543000.0,Ana Rojas,San José,Efectivo,No 
337,2025-02-28,Laptop gamer 15 pulgadas,Laptops,4,1173001.0,Ana Rojas,Guanacaste,Transferencia,No
938,2025-04-02,Audífonos inalámbricos,Audio,1,25070.0,Kevin Solano,San José,Sinpe Móvil,No
95,2025-06-23,Audífonos inalámbricos,Audio,3,29000.0,Ana Rojas,Alajuela,Efectivo,No
532,2025-05-21,Cargador portátil (power bank),Accesorios,5,20730.0,luis chinchilla,Heredia,Sinpe Móvil,Sí
926,2025-04-09,Audífonos inalámbricos,Audio,2,15774.0,Luis Chinchilla,Cartago,Sinpe Móvil,Sí
210,2025-03-20,Audífonos inalámbricos,Audio,1,21900.0,Fabiola Araya,Limón,Efectivo,No
176,2025-04-08,Laptop gamer 15 pulgadas,Laptops,1,822500.0,  Luis Chinchilla  ,Heredia,Efectivo,No
469,2025-02-19,Audífonos inalámbricos,Audio,4,23957.0,Kevin Solano,Heredia,Transferencia,Sí
270,2025-04-01,Audífonos inalámbricos,Audio,4,15595.0,Kevin Solano,Limón,Sinpe Móvil,Sí
107,2025-02-07,Monitor 27 pulgadas curvo,Monitores,4,231900.0,Luis Chinchilla,San José,Efectivo,Sí
847,2025-04-05,Audífonos inalámbricos,Audio,1,18001.0,Ana Rojas,San José,Transferencia,Sí
1147,2025-02-02,Teclado mecánico,Accesorios,2,40073.0,Kevin Solano,Limón,Transferencia,Sí
240,2025-03-24,Teclado mecánico,Accesorios,5,42116.0,Marisol Vargas,Alajuela,Transferencia,No
1141,2025-02-18,Parlante bluetooth,Audio,5,33116.0,Luis Chinchilla,Heredia,Sinpe Móvil,No
378,2025-05-31,Celular gama alta,Celulares,4,531832.0,Fabiola Araya,Alajuela,Tarjeta,Sí
894,2025-05-12,Laptop gamer 15 pulgadas,Laptops,3,736872.0,Fabiola Araya,Heredia,Efectivo,Sí
904,2025-07-07,Mouse inalámbrico,Accesorios,3,7757.0,Kevin Solano,Heredia,Tarjeta,No
316,2025-06-01,Laptop gamer 15 pulgadas,Laptops,2,874049.0,Kevin Solano,Alajuela,Efectivo,No
1086,2025-08-07,Audífonos inalámbricos,Audio,3,24267.0,Luis Chinchilla,Cartago,Transferencia,No
13,2025-04-02,Mouse inalámbrico,Accesorios,2,7000.0,Marisol Vargas,Limón,Efectivo,Sí
993,2025-01-04,Mouse inalámbrico,Accesorios,5,9788.0,Ana Rojas,San José,Transferencia,No
657,2025-07-31,Audífonos inalámbricos,Audio,4,36162.0,Kevin Solano,Heredia,Sinpe Móvil,Sí
1052,2025-08-27,Laptop 14 pulgadas,Laptops,4,480374.0,Kevin Solano,Puntarenas,Transferencia,Sí
813,2025-05-15,Laptop 14 pulgadas,Laptops,2,,Marisol Vargas,Alajuela,Sinpe Móvil,No
1068,2025-05-30,Parlante bluetooth,Audio,4,42491.0,Luis Chinchilla,Puntarenas,Sinpe Móvil,Sí
899,2025-09-16,Funda protectora celular,Accesorios,1,4244.0,Kevin Solano,Limón,Sinpe Móvil,Sí
954,2025-06-20,Celular gama media,Celulares,3,203467.0,Marisol Vargas,Heredia,Tarjeta,Sí
214,2025-05-21,Laptop 14 pulgadas,Laptops,2,457400.0,Fabiola Araya,Limón,Sinpe Móvil,No
217,2025-03-29,Laptop 14 pulgadas,Laptops,1,608200.0,Marisol Vargas,Puntarenas,Tarjeta,No
882,2025-07-07,Cargador portátil (power bank),Accesorios,2,16271.0,Luis Chinchilla,Alajuela,Efectivo,No
602,2025-05-26,Monitor 27 pulgadas curvo,Monitores,1,300093.0,Kevin Solano,Puntarenas,Efectivo,No
811,2025-03-24,Parlante bluetooth,Audio,1,29077.0,  Fabiola Araya  ,Limón,Transferencia,Sí
411,2025-02-13,Audífonos inalámbricos,Audio,3,28414.0,Kevin Solano,Limón,Efectivo,Sí
963,2025-09-05,Teclado mecánico,Accesorios,5,29897.0,Kevin Solano,Puntarenas,Tarjeta,Sí
556,2025-04-03,Celular gama alta,Celulares,5,373882.0,Fabiola Araya,San José,Efectivo,No
410,2025-03-18,Monitor 24 pulgadas,Monitores,3,115705.0,Ana Rojas,Cartago,Transferencia,No
69,2025-04-19,Celular gama alta,Celulares,1,378400.0,Luis Chinchilla,Alajuela,Tarjeta,Sí
542,2025-05-20,Cargador portátil (power bank),Accesorios,4,,Kevin Solano,Heredia,Sinpe Móvil,No
86,2025-09-07,Funda protectora celular,Accesorios,4,3200.0,Ana Rojas,Alajuela,Transferencia,No
235,2025-09-18,Audífonos inalámbricos,Audio,4,17182.0,Luis Chinchilla,Limón,Tarjeta,SI
455,2025-04-11,Monitor 24 pulgadas,Monitores,5,129212.0,Kevin Solano,Heredia,Tarjeta,Sí
418,2025-08-14,Celular gama media,Celulares,4,253874.0,FABIOLA ARAYA,Heredia,Sinpe Móvil,Sí
406,2025-09-01,Celular gama alta,Celulares,5,414784.0,Luis Chinchilla,Guanacaste,Tarjeta,No
992,2025-08-06,Monitor 27 pulgadas curvo,Monitores,5,297367.0,Fabiola Araya,Cartago,Efectivo,Sí
635,2025-08-16,Celular gama media,Celulares,2,162417.0,Kevin Solano,Alajuela,Tarjeta,No
197,12/07/2025,Monitor 24 pulgadas,Monitores,1,177500.0,Fabiola Araya,Alajuela,Transferencia,sí
80,22/08/2025,Celular gama alta,Celulares,2,484300.0,Fabiola Araya,Puntarenas,Efectivo,No
717,2025-04-13,Laptop gamer 15 pulgadas,Laptops,3,1114064.0,Ana Rojas,Cartago,Sinpe Móvil,No
273,2025-06-18,Mouse inalámbrico,Accesorios,3,12205.0,Kevin Solano,Cartago,Sinpe Móvil,No
648,2025-04-14,Celular gama alta,Celulares,2,477450.0,Ana Rojas,Limón,Transferencia,Sí
112,2025-01-27,Funda protectora celular,Accesorios,5,6000.0,Marisol Vargas,San José,Efectivo,Sí
533,2025-02-19,Laptop 14 pulgadas,Laptops,5,415735.0,Ana Rojas,Heredia,Transferencia,No
1099,2025-04-04,Celular gama media,Celulares,1,230833.0,Ana Rojas,Heredia,Transferencia,No
1037,2025-01-21,Celular gama alta,Celulares,2,397989.0,Marisol Vargas,,Efectivo,Sí
673,2025-02-04,Parlante bluetooth,Audio,1,34807.0,Fabiola Araya,Heredia,Transferencia,No
806,2025-01-03,Laptop gamer 15 pulgadas,Laptops,1,984773.0,Luis Chinchilla,Heredia,Tarjeta,No
369,2025-04-19,Celular gama media,Celulares,5,281098.0,  Luis Chinchilla  ,Limón,Transferencia,Sí
488,2025-05-27,Teclado mecánico,Accesorios,1,41251.0,Luis Chinchilla,San José,Efectivo,Sí
1020,2025-05-09,Celular gama alta,Celulares,4,371192.0,Fabiola Araya,Puntarenas,Tarjeta,SI
891,2025-01-01,Mouse inalámbrico,Accesorios,1,12988.0,  Marisol Vargas  ,Alajuela,Efectivo,No
768,2025-03-02,Mouse inalámbrico,Accesorios,5,,Marisol Vargas,Alajuela,Tarjeta,SI
279,2025-07-14,Mouse inalámbrico,Accesorios,2,10562.0,KEVIN SOLANO,Guanacaste,Tarjeta,No
377,2025-03-17,Celular gama alta,Celulares,1,406643.0,Marisol Vargas,,Transferencia,No
348,2025-02-21,Laptop 14 pulgadas,Laptops,4,419928.0,Kevin Solano,Alajuela,Tarjeta,No
395,2025-01-10,Mouse inalámbrico,Accesorios,4,12580.0,Kevin Solano,Heredia,Sinpe Móvil,No
353,2025-05-09,Parlante bluetooth,Audio,4,49895.0,Ana Rojas,Guanacaste,Sinpe Móvil,Sí
513,2025-05-29,Monitor 27 pulgadas curvo,Monitores,2,296947.0,Marisol Vargas,Cartago,Transferencia,Sí
563,2025-09-05,Cargador portátil (power bank),Accesorios,1,12545.0,Luis Chinchilla,Alajuela,Efectivo,No
671,2025-03-30,Funda protectora celular,Accesorios,2,7769.0,Ana Rojas,Puntarenas,Tarjeta,No
1010,2025-05-11,Laptop 14 pulgadas,Laptops,5,473877.0,Ana Rojas,San José,Efectivo,No
682,2025-09-06,Mouse inalámbrico,Accesorios,5,12223.0,Luis Chinchilla,Heredia,Efectivo,Sí
693,2025-02-02,Funda protectora celular,Accesorios,3,7845.0,Kevin Solano,,Transferencia,No
690,2025-05-21,Parlante bluetooth,Audio,4,51551.0,Kevin Solano,Guanacaste,Transferencia,Sí
113,2025-07-08,Mouse inalámbrico,Accesorios,1,8500.0,Luis Chinchilla,Limón,Sinpe Móvil,No
103,2025-06-18,Celular gama alta,Celulares,3,626000.0,Fabiola Araya,,Transferencia,No
403,2025-01-29,Celular gama alta,Celulares,3,532421.0,Kevin Solano,Guanacaste,Sinpe Móvil,Sí
578,2025-01-16,Celular gama alta,Celulares,2,461390.0,Kevin Solano,Puntarenas,Transferencia,Sí
191,2025-09-02,Celular gama media,Celulares,1,262200.0,Fabiola Araya,Cartago,Sinpe Móvil,No
1113,2025-09-16,Laptop gamer 15 pulgadas,Laptops,4,876896.0,Marisol Vargas,Puntarenas,Sinpe Móvil,Sí
922,2025-07-30,Mouse inalámbrico,Accesorios,3,9424.0,Kevin Solano,Puntarenas,Efectivo,Sí
729,2025-09-25,Monitor 27 pulgadas curvo,Monitores,5,226334.0,Ana Rojas,Guanacaste,Transferencia,No
53,2025-05-10,Monitor 24 pulgadas,Monitores,3,,  FABIOLA ARAYA  ,San José,Transferencia,Sí
29,2025-06-03,Mouse inalámbrico,Accesorios,4,6900.0,Luis Chinchilla,Cartago,Tarjeta,No
66,2025-05-26,Laptop 14 pulgadas,Laptops,2,498900.0,Luis Chinchilla,San José,Transferencia,No
863,2025-04-22,Funda protectora celular,Accesorios,3,5175.0,Fabiola Araya,,Sinpe Móvil,Sí
234,2025-05-15,Laptop gamer 15 pulgadas,Laptops,5,908501.0,Marisol Vargas,Guanacaste,Transferencia,Sí
791,2025-04-25,Mouse inalámbrico,Accesorios,5,9179.0,Kevin Solano,Guanacaste,Sinpe Móvil,Sí
997,2025-06-09,Celular gama media,Celulares,5,157125.0,Kevin Solano,Heredia,Tarjeta,No
1134,2025-01-29,Teclado mecánico,Accesorios,2,28705.0,Kevin Solano,Heredia,Tarjeta,Sí
1006,2025-05-16,Celular gama media,Celulares,1,157091.0,Fabiola Araya,Guanacaste,Sinpe Móvil,no
583,2025-01-31,Laptop gamer 15 pulgadas,Laptops,5,868916.0,Kevin Solano,Heredia,Efectivo,No
297,2025-04-19,Teclado mecánico,Accesorios,4,30210.0,Fabiola Araya,Cartago,Sinpe Móvil,No
375,24/09/2025,Parlante bluetooth,Audio,3,37115.0,  Luis Chinchilla  ,Alajuela,Sinpe Móvil,No
860,2025-08-22,Laptop 14 pulgadas,Laptops,5,488664.0,Marisol Vargas,Guanacaste,Efectivo,no
343,2025-07-15,Parlante bluetooth,Audio,4,54618.0,Ana Rojas,Guanacaste,Tarjeta,Sí
987,2025-01-16,Monitor 24 pulgadas,Monitores,2,140220.0,Marisol Vargas,Guanacaste,Transferencia,No
160,2025-09-23,Laptop gamer 15 pulgadas,Laptops,1,740600.0,Marisol Vargas,Guanacaste,Efectivo,Sí
187,2025-04-06,Audífonos inalámbricos,Audio,1,25100.0,Marisol Vargas,Puntarenas,Efectivo,Sí
233,2025-09-13,Celular gama media,Celulares,4,26943.0,Fabiola Araya,Puntarenas,Transferencia,Sí
1034,2025-04-14,Laptop 14 pulgadas,Laptops,4,460962.0,Fabiola Araya,Cartago,Tarjeta,Sí
76,2025-01-19,Monitor 24 pulgadas,Monitores,2,132000.0,Marisol Vargas,,Sinpe Móvil,No
158,2025-03-08,Mouse inalámbrico,Accesorios,2,6800.0,marisol vargas,Heredia,Sinpe Móvil,No
127,2025-01-22,Funda protectora celular,Accesorios,1,7000.0,Luis Chinchilla,Cartago,Sinpe Móvil,No
733,2025-09-13,Laptop 14 pulgadas,Laptops,4,455855.0,Fabiola Araya,San José,Tarjeta,Sí
712,2025-01-20,Teclado mecánico,Accesorios,4,40654.0,Kevin Solano,Limón,Tarjeta,Sí
311,2025-09-09,Celular gama media,Celulares,4,257046.0,Luis Chinchilla,Cartago,Efectivo,No
862,2025-03-06,Monitor 24 pulgadas,Monitores,4,160897.0,Ana Rojas,Alajuela,Efectivo,Sí
1032,2025-03-08,Parlante bluetooth,Audio,1,27684.0,Luis Chinchilla,Cartago,Tarjeta,No
793,2025-04-06,Audífonos inalámbricos,Audio,2,23693.0,LUIS CHINCHILLA,San José,Efectivo,No
213,19/03/2025,Funda protectora celular,Accesorios,1,,Marisol Vargas,San José,Sinpe Móvil,No
998,2025-09-20,Funda protectora celular,Accesorios,4,5898.0,Kevin Solano,Guanacaste,Transferencia,No
104,2025-02-26,Celular gama media,Celulares,2,,ANA ROJAS,Cartago,Efectivo,No
742,2025-09-05,Celular gama alta,Celulares,5,622757.0,Ana Rojas,San José,Efectivo,Sí
911,2025-08-27,Cargador portátil (power bank),Accesorios,1,9799.0,Kevin Solano,San José,Transferencia,Sí
925,2025-08-29,"Monitor 27"" curvo",Monitores,3,235030.0,Fabiola Araya,Guanacaste,Sinpe Móvil,Sí
834,2025-05-13,Teclado mecánico,Accesorios,2,34423.0,Ana Rojas,Cartago,Sinpe Móvil,No
288,2025-05-13,Funda protectora celular,Accesorios,2,7147.0,Kevin Solano,Limón,Sinpe Móvil,Si
509,2025-08-26,Monitor 24 pulgadas,Monitores,5,139689.0,Fabiola Araya,Limón,Efectivo,Sí
1112,2025-04-22,Monitor 27 pulgadas curvo,Monitores,2,311498.0,Ana Rojas,Limón,Tarjeta,Sí
759,2025-04-24,Teclado mecánico,Accesorios,2,36603.0,Kevin Solano,Cartago,Transferencia,Sí
69,2025-04-19,Celular gama alta,Celulares,1,378400.0,Luis Chinchilla,Alajuela,Tarjeta,Sí
738,2025-02-24,Parlante bluetooth,Audio,1,51597.0,Fabiola Araya,Puntarenas,Sinpe Móvil,Sí
262,2025-08-13,Audífonos inalámbricos,Audio,5,31885.0,Marisol Vargas,Limón,Tarjeta,No
864,2025-02-11,Teclado mecánico,Accesorios,2,25065.0,Fabiola Araya,Alajuela,Sinpe Móvil,Sí
183,2025-07-28,Celular gama media,Celulares,2,282100.0,Kevin Solano,Heredia,Efectivo,No
1077,2025-05-14,Funda protectora celular,Accesorios,3,4067.0,Marisol Vargas,San José,Tarjeta,No
1120,2025-07-06,Laptop 14 pulgadas,Laptops,2,461272.0,Marisol Vargas,Limón,Sinpe Móvil,Sí
198,2025-01-02,Celular gama alta,Celulares,3,692500.0,Kevin Solano,Guanacaste,Sinpe Móvil,No
782,2025-02-09,Parlante bluetooth,Audio,1,51439.0,Marisol Vargas,San José,Tarjeta,No
1007,2025-04-30,Funda protectora celular,Accesorios,4,6412.0,Fabiola Araya,Guanacaste,Transferencia,Sí
451,2025-06-08,Laptop 14 pulgadas,Laptops,4,619903.0,Fabiola Araya,Heredia,Sinpe Móvil,No
440,2025-08-16,Parlante bluetooth,Audio,3,36755.0,Kevin Solano,Heredia,Sinpe Móvil,No
90,2025-08-15,Laptop gamer 15 pulgadas,Laptops,4,1193200.0,Marisol Vargas,Guanacaste,Sinpe Móvil,No
1115,2025-03-05,Teclado mecánico,Accesorios,4,26096.0,Ana Rojas,Guanacaste,Transferencia,No
1072,2025-02-02,Laptop gamer 15 pulgadas,Laptops,1,1134615.0,Ana Rojas,Limón,Transferencia,No
475,2025-09-03,Celular gama alta,Celulares,2,537997.0,Marisol Vargas,Limón,Sinpe Móvil,Sí
51,2025-07-27,Cargador portátil (power bank),Accesorios,3,19900.0,Luis Chinchilla,Puntarenas,Tarjeta,No 
688,2025-04-26,Laptop gamer 15 pulgadas,Laptops,2,827233.0,Fabiola Araya,Heredia,Tarjeta,Sí
842,2025-06-29,Laptop 14 pulgadas,Laptops,5,427750.0,Marisol Vargas,San José,Efectivo,No
404,2025-07-08,Cargador portátil (power bank),Accesorios,3,9921.0,Luis Chinchilla,Heredia,Sinpe Móvil,No
665,2025-07-23,Monitor 24 pulgadas,Monitores,4,144237.0,Kevin Solano,Alajuela,Sinpe Móvil,Sí
355,2025-07-22,Celular gama media,Celulares,3,151093.0,Luis Chinchilla,Heredia,Sinpe Móvil,NO
523,2025-07-14,Monitor 24 pulgadas,Monitores,4,147356.0,Kevin Solano,Cartago,Transferencia,No
819,2025-05-26,Monitor 27 pulgadas curvo,Monitores,5,306671.0,Kevin Solano,Cartago,Transferencia,Sí
223,2025-01-14,Monitor 27 pulgadas curvo,Monitores,5,236486.0,Marisol Vargas,Guanacaste,Efectivo,No
478,2025-03-12,Parlante bluetooth,Audio,5,28842.0,Kevin Solano,San José,Sinpe Móvil,No
669,2025-08-03,Monitor 27 pulgadas curvo,Monitores,5,284333.0,Fabiola Araya,,Efectivo,No
971,2025-08-07,Laptop 14 pulgadas,Laptops,4,422956.0,Marisol Vargas,Heredia,Sinpe Móvil,No
856,2025-08-09,Cargador portátil (power bank),Accesorios,3,16164.0,Luis Chinchilla,Heredia,Transferencia,Sí
570,2025-06-16,Teclado mecánico,Accesorios,2,32693.0,Kevin Solano,San José,Sinpe Móvil,No
390,2025-08-15,Funda protectora celular,Accesorios,4,4484.0,Marisol Vargas,Alajuela,Transferencia,No
687,2025-05-13,Audífonos inalámbricos,Audio,1,21842.0,Fabiola Araya,Alajuela,Efectivo,Sí
726,2025-02-23,Audífonos inalámbricos,Audio,4,36869.0,Fabiola Araya,Limón,Sinpe Móvil,Sí
427,2025-09-13,Laptop 14 pulgadas,Laptops,5,508653.0,Marisol Vargas,Heredia,Efectivo,Sí
516,2025-08-02,Parlante bluetooth,Audio,4,26924.0,Fabiola Araya,Puntarenas,Sinpe Móvil,Sí
960,2025-06-11,Parlante bluetooth,Audio,1,30959.0,  Luis Chinchilla  ,Guanacaste,Efectivo,No
357,2025-01-21,Celular gama media,Celulares,3,256462.0,Luis Chinchilla,Heredia,Transferencia,Sí
865,2025-05-09,Laptop gamer 15 pulgadas,Laptops,4,1112409.0,Luis Chinchilla,Limón,Efectivo,No
706,2025-01-03,Mouse inalámbrico,Accesorios,1,10023.0,Kevin Solano,Alajuela,Transferencia,Sí
852,2025-05-20,Funda protectora celular,Accesorios,5,5291.0,Marisol Vargas,Puntarenas,Sinpe Móvil,No
152,2025-08-13,Celular gama media,Celulares,1,,Marisol Vargas,Cartago,Sinpe Móvil,No
1146,2025-03-17,Funda protectora celular,Accesorios,2,3907.0,Kevin Solano,Limón,Sinpe Móvil,No
133,2025-04-26,Celular gama alta,Celulares,5,404200.0,Marisol Vargas,Limón,Tarjeta,No
727,2025-07-14,Celular gama alta, Celulares,3,566748.0,Ana Rojas,Guanacaste,Sinpe Móvil,Sí
30,2025-06-25,Celular gama alta,Celulares,1,572000.0,Marisol Vargas,,Sinpe Móvil,Sí
628,2025-02-25,Audifonos inalambricos,Audio,2,17536.0,Fabiola Araya,Guanacaste,Transferencia,No
929,2025-09-26,Mouse inalámbrico,Accesorios,1,9936.0,Fabiola Araya,Guanacaste,Tarjeta,Sí
227,2025-02-10,Mouse inalámbrico,Accesorios,5,84350.0,Marisol Vargas,Limón,Transferencia,Sí
662,2025-05-02,Monitor 24 pulgadas,Monitores,1,113474.0,marisol vargas,Heredia,Sinpe Móvil,Sí
1145,11/08/2025,Celular gama media,Celulares,5,248093.0,Luis Chinchilla,Heredia,Efectivo,No
762,2025-05-25,Monitor 24 pulgadas,Monitores,1,,Kevin Solano,Heredia,Sinpe Móvil,No
974,2025-05-13,Audífonos inalámbricos,Audio,3,24410.0,Kevin Solano,Limón,Transferencia,No
312,2025-05-05,Parlante bluetooth,Audio,3,43911.0,Kevin Solano,Guanacaste,Transferencia,No
617,2025-08-03,Monitor 27 pulgadas curvo,Monitores,2,248537.0,Fabiola Araya,San José,Transferencia,No
843,2025-06-16,Teclado mecánico,Accesorios,5,33262.0,Fabiola Araya,Alajuela,Sinpe Móvil,No
758,2025-02-04,Monitor 27 pulgadas curvo,Monitores,-5,232618.0,Marisol Vargas,Heredia,Sinpe Móvil,Sí
734,2025-07-31,Mouse inalámbrico,Accesorios,1,10177.0,Luis Chinchilla,Limón,Tarjeta,No
1140,2025-01-25,Monitor 24 pulgadas,Monitores,3,179736.0,Fabiola Araya,Limón,Efectivo,Sí
1117,2025-06-09,Celular gama alta,Celulares,4,439538.0,Fabiola Araya,Cartago,Sinpe Móvil,Sí
368,2025-07-23,Cargador portátil (power bank),Accesorios,3,11278.0,Luis Chinchilla,Limón,Sinpe Móvil,Sí
547,2025-02-15,Cargador portátil (power bank),Accesorios,3,15651.0,Marisol Vargas,Heredia,Transferencia,No
504,2025-01-12,Parlante bluetooth,Audio,4,30397.0,Luis Chinchilla,San José,Efectivo,Sí
869,11/08/2025,Laptop gamer 15 pulgadas,Laptops,3,697685.0,Kevin Solano,Heredia,Tarjeta,No
940,2025-09-12,Funda protectora celular,Accesorios,4,5754.0,Luis Chinchilla,Heredia,Sinpe Móvil,Sí
972,2025-06-20,Monitor 24 pulgadas, Monitores,2,159903.0,Marisol Vargas,Alajuela,Sinpe Móvil,Sí
736,2025-06-19,Funda protectora celular,Accesorios,5,6807.0,MARISOL VARGAS,Guanacaste,Transferencia,No
31,2025-01-23,Audífonos inalámbricos,Audio,1,38100.0,Marisol Vargas,,Sinpe Móvil,No
655,2025-02-15,Celular gama media,Celulares,3,210295.0,Kevin Solano,Puntarenas,Efectivo,Sí
324,2025-08-19,Mouse inalámbrico,Accesorios,5,9601.0,Luis Chinchilla,Puntarenas,Transferencia,No
339,2025-09-18,Celular gama alta,Celulares,2,650129.0,KEVIN SOLANO,Limón,Sinpe Móvil,No
1142,2025-06-27,Laptop gamer 15 pulgadas,Laptops,1,1022284.0,Kevin Solano,Heredia,Transferencia,No
1014,2025-03-03,Parlante bluetooth,Audio,1,50263.0,Ana Rojas,Guanacaste,Efectivo,Sí
780,2025-08-17,Funda protectora celular,Accesorios,3,6841.0,Fabiola Araya,Heredia,Tarjeta,Sí
52,2025-03-11,Monitor 24 pulgadas,Monitores,4,122700.0,Marisol Vargas,Heredia,Transferencia,Sí
496,2025-01-06,Monitor 24 pulgadas,Monitores,3,155758.0,Ana Rojas,Alajuela,Tarjeta,No
37,2025-06-19,Mouse inalámbrico,Accesorios,4,7000.0,Marisol Vargas,Alajuela,Transferencia,Sí
598,2025-03-12,Monitor 24 pulgadas,Monitores,4,164142.0,Ana Rojas,San José,Efectivo,Sí
79,2025-02-28,Celular gama alta,Celulares,2,391100.0,Luis Chinchilla,Heredia,Transferencia,No
14,2025-01-01,Mouse inalámbrico,Accesorios,2,10400.0,Ana Rojas,Cartago,Transferencia,Sí
664,2025-01-14,Laptop 14 pulgadas,Laptops,2,421000.0,Kevin Solano,Alajuela,Sinpe Móvil,Sí
59,2025-05-18,Funda protectora celular,accesorios,1,4200.0,Ana Rojas,,Sinpe Móvil,Sí
564,2025-06-25,Monitor 24 pulgadas,Monitores,4,164899.0,Marisol Vargas,Guanacaste,Transferencia,No
222,2025-02-14,Celular gama media,Celulares,5,206959.0,Luis Chinchilla,Alajuela,Efectivo,Sí
177,2025-02-01,Funda protectora celular,Accesorios,3,5600.0,Fabiola Araya,Cartago,Sinpe Móvil,No
250,2025-06-23,Mouse inalámbrico,Accesorios,1,8141.0,Ana Rojas,Heredia,Sinpe Móvil,Sí
401,2025-02-08,Celular gama media,Celulares,2,278424.0,Fabiola Araya,Guanacaste,Sinpe Móvil,No
732,2025-07-13,Monitor 27 pulgadas curvo,Monitores,4,297076.0,Luis Chinchilla,Guanacaste,Sinpe Móvil,No
467,2025-07-07,Parlante bluetooth,Audio,4,,Fabiola Araya,Alajuela,Efectivo,No
988,2025-07-15,Mouse inalámbrico,Accesorios,4,10098.0,Ana Rojas,Guanacaste,Efectivo,Sí
1038,2025-02-11,Funda protectora celular,Accesorios,1,3234.0,Luis Chinchilla,San José,Transferencia,No
906,2025-04-30,Cargador portátil (power bank),accesorios,2,17224.0,Ana Rojas,Limón,Tarjeta,Sí
766,2025-02-14,Cargador portátil (power bank),Accesorios,1,9651.0,Kevin Solano,Heredia,Tarjeta,Sí
194,2025-08-17,Mouse inalámbrico,Accesorios,3,10100.0,  Fabiola Araya  ,Heredia,Sinpe Móvil,No
373,2025-05-16,Audífonos inalámbricos,Audio,1,18042.0,Fabiola Araya,Heredia,Tarjeta,Sí
393,2025-06-17,Monitor 24 pulgadas,Monitores,1,110541.0,Fabiola Araya,Puntarenas,Efectivo,No
579,2025-09-11,Funda protectora celular,Accesorios,-5,5601.0,Marisol Vargas,Alajuela,Transferencia,No
46,2025-06-12,Monitor 27 pulgadas curvo,Monitores,5,305900.0,Fabiola Araya,Limón,Sinpe Móvil,No
872,2025-03-20,Teclado mecánico,Accesorios,5,39038.0,Ana Rojas,Guanacaste,Efectivo,No
476,2025-05-05,Celular gama media,Celulares,1,227297.0,Luis Chinchilla,Puntarenas,Tarjeta,No
832,2025-01-17,Funda protectora celular,Accesorios,5,4832.0,Ana Rojas,Guanacaste,Tarjeta,No
658,2025-04-26,Funda protectora celular,Accesorios,-2,5321.0,Luis Chinchilla,Cartago,Tarjeta,No
25,2025-05-01,Laptop gamer 15 pulgadas,Laptops,1,1167900.0,Fabiola Araya,Alajuela,Tarjeta,No
621,2025-09-10,Teclado mecánico,Accesorios,2,37917.0,Marisol Vargas,Limón,Efectivo,Sí
460,2025-03-15,Celular gama alta,Celulares,3,649290.0,Kevin Solano,San José,Transferencia,No
790,2025-03-31,Celular gama alta,Celulares,4,580713.0,Kevin Solano,Heredia,Tarjeta,No
245,2025-04-26,Laptop gamer 15 pulgadas,Laptops,1,862424.0,Marisol Vargas,Heredia,Efectivo,Sí
883,2025-08-28,Laptop 14 pulgadas,Laptops,1,466622.0,Fabiola Araya,Limón,Transferencia,Sí
1067,2025-06-26,Teclado mecánico,Accesorios,4,33238.0,Marisol Vargas,Limón,Tarjeta,No 
139,2025-08-01,Laptop 14 pulgadas,Laptops,1,,Luis Chinchilla,Heredia,Tarjeta,No
480,2025-09-05,Celular gama alta,Celulares,2,680921.0,Kevin Solano,Heredia,Transferencia,Sí
567,2025-08-07,Teclado mecánico,Accesorios,4,28405.0,Fabiola Araya,San José,Efectivo,Sí
695,2025-03-13,Celular gama media,Celulares,1,238479.0,kevin solano,Cartago,Sinpe Móvil,No
207,2025-04-08,Celular gama alta,Celulares,5,391100.0,Kevin Solano,Alajuela,Efectivo,No
837,2025-05-19,Parlante bluetooth,Audio,2,40326.0,Fabiola Araya,Puntarenas,Efectivo,Sí
1026,2025-07-19,Parlante bluetooth,Audio,1,42810.0,Kevin Solano,Guanacaste,Tarjeta,No
1,27/02/2025,Cargador portátil (power bank),Accesorios,1,12600.0,Luis Chinchilla,Alajuela,Tarjeta,No
126,2025-08-20,Monitor 27 pulgadas curvo,Monitores,1,237900.0,Marisol Vargas,San José,Tarjeta,No
238,2025-05-31,Laptop 14 pulgadas,Laptops,4,417958.0,Luis Chinchilla,San José,Transferencia,Sí
878,2025-02-02,Teclado mecánico,Accesorios,5,39562.0,Ana Rojas,Heredia,Sinpe Móvil,Sí
694,2025-06-02,Celular gama media,Celulares,2,170240.0,Ana Rojas,Alajuela,Sinpe Móvil,No
968,2025-06-29,Laptop gamer 15 pulgadas,Laptops,5,852427.0,Ana Rojas,San José,Transferencia,Sí
1018,2025-04-13,Funda protectora celular,Accesorios,5,5045.0,Fabiola Araya,Alajuela,Efectivo,No
272,2025-08-24,Laptop gamer 15 pulgadas,Laptops,3,,Ana Rojas,Puntarenas,Tarjeta,Sí
302,2025-01-14,Laptop 14 pulgadas,Laptops,3,518191.0,Fabiola Araya,Guanacaste,Efectivo,Sí
585,2025-01-31,Mouse inalámbrico,Accesorios,3,12223.0,Ana Rojas,San José,Efectivo,Sí
60,2025-09-11,Laptop 14 pulgadas,Laptops,4,429100.0,Luis Chinchilla,Cartago,Transferencia,Sí
48,2025-06-21,Audífonos inalámbricos,Audio,1,31200.0,Luis Chinchilla,Alajuela,Efectivo,No
1098,2025-07-02,Celular gama media,Celulares,1,189131.0,Marisol Vargas,San José,Tarjeta,Sí
1132,2025-02-01,Teclado mecánico,Accesorios,1,35219.0,Ana Rojas,Limón,Transferencia,No
975,2025-01-16,Funda protectora celular,Accesorios,1,5434.0,Kevin Solano,Guanacaste,Sinpe Móvil,Sí
958,2025-06-19,Celular gama alta,Celulares,3,386850.0,Ana Rojas,Cartago,Tarjeta,No
1133,2025-01-14,Parlante bluetooth,Audio,3,34559.0,Fabiola Araya,Cartago,Transferencia,No
1121,2025-08-06,Laptop gamer 15 pulgadas,Laptops,4,832044.0,Marisol Vargas,Heredia,Transferencia,NO
747,2025-06-15,Monitor 27 pulgadas curvo,Monitores,1,291556.0,Marisol Vargas,Guanacaste,Sinpe Móvil,No
967,2025-03-02,Funda protectora celular,Accesorios,3,3902.0,Kevin Solano,Alajuela,Tarjeta,Sí
1089,2025-06-05,Laptop gamer 15 pulgadas,Laptops,4,1194075.0,Marisol Vargas,Cartago,Tarjeta,No
301,27/03/2025,Teclado mecánico,Accesorios,5,35538.0,Luis Chinchilla,Limón,Efectivo,no
92,2025-01-26,Cargador portátil (power bank),Accesorios,4,18700.0,Marisol Vargas,Limón,Efectivo,No
710,2025-07-03,Funda protectora celular,Accesorios,2,3975.0,Fabiola Araya,Alajuela,Efectivo,Sí
723,2025-03-29,Audífonos inalámbricos,Audio,3,23581.0,Fabiola Araya,Heredia,Transferencia,sí
800,2025-02-25,Audífonos inalámbricos,Audio,1,19856.0,Marisol Vargas,San José,Sinpe Móvil,Sí
448,03/02/2025,Parlante bluetooth,Audio,5,39892.0,Kevin Solano,Limón,Efectivo,Sí
1101,2025-03-12,Cargador portátil (power bank),Accesorios,5,12377.0,Fabiola Araya,Guanacaste,Transferencia,Sí
838,2025-01-05,Funda protectora celular,Accesorios,2,5181.0,Ana Rojas,Limón,Transferencia,No
372,2025-01-14,Laptop 14 pulgadas,Laptops,2,383566.0,Ana Rojas,Heredia,Transferencia,Sí
18,2025-01-17,Laptop gamer 15 pulgadas,Laptops,4,689000.0,Luis Chinchilla,Cartago,Sinpe Móvil,Sí
944,2025-01-26,Laptop 14 pulgadas,Laptops,1,480070.0,Ana Rojas,Puntarenas,Transferencia,Sí
976,2025-06-28,Monitor 24 pulgadas,Monitores,5,150227.0,Marisol Vargas,Alajuela,Sinpe Móvil,Sí
1003,2025-03-19,Celular gama alta,Celulares,4,487023.0,Ana Rojas,Cartago,Efectivo,No
1137,2025-01-12,Celular gama alta,Celulares,-3,489653.0,Fabiola Araya,Cartago,Tarjeta,No
1111,2025-09-14,Audífonos inalámbricos,Audio,5,20804.0,Marisol Vargas,Alajuela,Tarjeta,Sí
126,2025-08-20,Monitor 27 pulgadas curvo,Monitores,1,237900.0,Marisol Vargas,San José,Tarjeta,No
500,2025-08-17,Monitor 27 pulgadas curvo,Monitores,5,285969.0,Luis Chinchilla,Heredia,Tarjeta,Sí
77,2025-07-31,Monitor 27 pulgadas curvo,Monitores,1,257400.0,Fabiola Araya,Limón,Sinpe Móvil,No
919,2025-03-12,Laptop gamer 15 pulgadas,Laptops,5,966090.0,Ana Rojas,Limón,Efectivo,No
142,2025-08-23,Monitor 24 pulgadas,Monitores,1,168600.0,Kevin Solano,Puntarenas,Tarjeta,No
574,2025-03-12,Mouse inalámbrico,Accesorios,5,9032.0,Ana Rojas,,Efectivo,Sí
807,2025-04-16,Celular gama media,Celulares,3,205194.0,Luis Chinchilla,,Sinpe Móvil,No
636,2025-03-28,Cargador portátil (power bank),Accesorios,5,14198.0,Fabiola Araya,Guanacaste,Tarjeta,No
776,2025-07-02,Teclado mecánico,Accesorios,2,36755.0,Ana Rojas,Alajuela,Transferencia,Sí
544,2025-05-18,Laptop 14 pulgadas,Laptops,2,,Ana Rojas,San José,Sinpe Móvil,No
1045,2025-08-11,Laptop gamer 15 pulgadas,Laptops,3,860490.0,  Fabiola Araya  ,Alajuela,Tarjeta,Sí
16,05/08/2025,Teclado mecánico,Accesorios,5,43100.0,Luis Chinchilla,Guanacaste,Transferencia,No
424,2025-03-13,Parlante bluetooth,AUDIO,4,36804.0,Luis Chinchilla,Alajuela,Tarjeta,No
487,2025-03-22,Monitor 27 pulgadas curvo,Monitores,4,280983.0,  Fabiola Araya  ,Guanacaste,Efectivo,No
608,2025-06-08,Laptop 14 pulgadas,Laptops,1,502713.0,Ana Rojas,Limón,Efectivo,No
439,2025-02-10,Laptop 14 pulgadas,Laptops,3,538621.0,Kevin Solano,Guanacaste,Sinpe Móvil,Sí
755,2025-08-08,Cargador portátil (power bank),Accesorios,3,,Ana Rojas,Puntarenas,Transferencia,Si
36,2025-04-25,Celular gama alta,Celulares,1,417600.0,Marisol Vargas,Cartago,Tarjeta,No
936,2025-08-19,Laptop 14 pulgadas,Laptops,3,400474.0,Fabiola Araya,San José,Efectivo,No
970,2025-01-15,Audífonos inalámbricos,Audio,4,36679.0,Luis Chinchilla,Alajuela,Sinpe Móvil,Sí
230,2025-05-17,Laptop gamer 15 pulgadas,Laptops,1,1000657.0,Ana Rojas,Heredia,Efectivo,Sí
518,2025-03-10,Monitor 27 pulgadas curvo,Monitores,4,240800.0,Ana Rojas,Cartago,Tarjeta,No
332,2025-06-18,Audífonos inalámbricos,Audio,4,31648.0,Kevin Solano,San José,Sinpe Móvil,Sí
875,2025-09-08,Monitor 27 pulgadas curvo,Monitores,2,272537.0,MARISOL VARGAS,Cartago,Transferencia,No 
495,2025-05-08,Teclado mecánico,Accesorios,1,28955.0,Ana Rojas,Guanacaste,Transferencia,No
483,2025-05-29,Audífonos inalámbricos,Audio,1,,Luis Chinchilla,Cartago,Sinpe Móvil,No
216,2025-04-26,Funda protectora celular,Accesorios,1,7100.0,Ana Rojas,Guanacaste,Tarjeta,Sí
209,2025-07-09,Celular gama alta,Celulares,1,366000.0,Luis Chinchilla,Guanacaste,Efectivo,Sí
934,2025-06-15,Mouse inalámbrico,Accesorios,4,6664.0,Fabiola Araya,Heredia,Efectivo,No
65,2025-01-08,Audífonos inalámbricos,Audio,3,18800.0,Ana Rojas,San José,Transferencia,No
11,2025-08-05,Cargador portátil (power bank),Accesorios,2,14000.0,Fabiola Araya,,Transferencia,No
241,2025-02-27,Cargador portátil (power bank),Accesorios,3,19545.0,Kevin Solano,Puntarenas,Tarjeta,Sí
592,2025-08-22,Funda protectora celular,Accesorios,1,7862.0,Fabiola Araya,Puntarenas,Efectivo,No
794,2025-02-28,Teclado mecánico,Accesorios,4,36829.0,Fabiola Araya,Puntarenas,Efectivo,No
303,2025-05-05,Celular gama alta,Celulares,1,,Kevin Solano,Limón,Tarjeta,Sí
507,2025-08-18,Mouse inalámbrico,Accesorios,4,8979.0,Marisol Vargas,Puntarenas,Transferencia,Sí
454,2025-03-26,Monitor 24 pulgadas,Monitores,2,132586.0,Ana Rojas,Cartago,Transferencia,Sí
920,2025-09-26,Parlante bluetooth,Audio,2,36192.0,Ana Rojas,San José,Efectivo,No
952,2025-01-24,Mouse inalámbrico,Accesorios,3,8808.0,Ana Rojas,Alajuela,Efectivo,No
831,2025-09-19,Audífonos inalámbricos,Audio,3,24549.0,Marisol Vargas,Puntarenas,Tarjeta,No
356,2025-06-30,Laptop gamer 15 pulgadas,Laptops,2,1014675.0,Marisol Vargas,Cartago,Efectivo,Sí
146,2025-08-26,Cargador portátil (power bank),Accesorios,5,15200.0,Luis Chinchilla,Limón,Efectivo,Sí
351,2025-03-15,Celular gama alta,Celulares,2,517179.0,Kevin Solano,Guanacaste,Transferencia,Sí
619,2025-02-05,Mouse inalámbrico,Accesorios,4,12216.0,Kevin Solano,Cartago,Tarjeta,No
91,2025-02-24,Monitor 27 pulgadas curvo,Monitores,1,,  FABIOLA ARAYA  ,Cartago,Transferencia,Sí
310,2025-04-08,Monitor 27 pulgadas curvo,Monitores,1,,Fabiola Araya,Guanacaste,Efectivo,No
186,2025-09-26,Monitor 27 pulgadas curvo,Monitores,2,312000.0,Fabiola Araya,Heredia,Transferencia,Sí
913,2025-02-15,Funda protectora celular,Accesorios,2,4135.0,Fabiola Araya,Heredia,Tarjeta,Sí
857,2025-08-12,Mouse inalámbrico,Accesorios,4,8149.0,Fabiola Araya,Limón,Sinpe Móvil,Sí
745,2025-07-31,Audífonos inalámbricos,Audio,5,31800.0,marisol vargas,Cartago,Transferencia,Sí
120,2025-02-06,Parlante bluetooth,Audio,1,49700.0,Kevin Solano,San José,Sinpe Móvil,No
1051,2025-04-14,Monitor 24 pulgadas,Monitores,3,118905.0,Marisol Vargas,Alajuela,Transferencia,Sí
829,2025-02-24,Audífonos inalámbricos,Audio,1,37085.0,Fabiola Araya,Heredia,Tarjeta,Sí
482,2025-05-21,Monitor 27 pulgadas curvo,Monitores,3,228944.0,Marisol Vargas,Guanacaste,Sinpe Móvil,No
432,2025-06-30,Cargador portátil (power bank),Accesorios,5,,Ana Rojas,Limón,Sinpe Móvil,No
327,2025-05-28,Monitor 24 pulgadas,Monitores,4,118705.0,Kevin Solano,San José,Sinpe Móvil,No 
1097,2025-08-25,Teclado mecánico,Accesorios,2,30790.0,Luis Chinchilla,Cartago,Transferencia,No
173,2025-09-17,Parlante bluetooth,Audio,3,41300.0,Fabiola Araya,Cartago,Sinpe Móvil,No
20,2025-02-20,Laptop 14 pulgadas,Laptops,1,576600.0,Ana Rojas,Alajuela,Efectivo,Sí
1085,2025-09-09,Laptop gamer 15 pulgadas,Laptops,3,997618.0,Marisol Vargas,Alajuela,Transferencia,No
407,2025-02-13,Parlante bluetooth,Audio,5,43322.0,Luis Chinchilla,Puntarenas,Sinpe Móvil,No
1088,2025-03-25,Monitor 24 pulgadas,Monitores,4,161002.0,Fabiola Araya,Puntarenas,Tarjeta,Sí
980,2025-02-09,Celular gama media,Celulares,5,,Luis Chinchilla,Heredia,Sinpe Móvil,No
374,2025-08-18,Funda protectora celular, Accesorios,3,5612.0,Luis Chinchilla,Guanacaste,Efectivo,Sí
918,2025-03-20,Laptop gamer 15 pulgadas,Laptops,4,1184974.0,Marisol Vargas,Cartago,Sinpe Móvil,Sí
441,2025-01-30,Celular gama media,Celulares,1,240610.0,Fabiola Araya,Cartago,Efectivo,Sí
253,2025-04-20,Funda protectora celular,Accesorios,4,744.0,Ana Rojas,Guanacaste,Tarjeta,No
1053,2025-03-29,Celular gama media,Celulares,5,280968.0,ANA ROJAS,Alajuela,Sinpe Móvil,No
161,2025-04-11,Audífonos inalámbricos,Audio,2,31500.0,Luis Chinchilla,Guanacaste,Transferencia,No
111,2025-01-31,Celular gama media,celulares,2,234200.0,Marisol Vargas,Guanacaste,Tarjeta,No
292,2025-07-19,Mouse inalámbrico,Accesorios,5,12744.0,Luis Chinchilla,Limón,Sinpe Móvil,No
49,2025-08-27,Parlante bluetooth,Audio,1,28300.0,  KEVIN SOLANO  ,Heredia,Tarjeta,No
498,2025-04-24,Teclado mecánico,Accesorios,2,42190.0,Fabiola Araya,Puntarenas,Sinpe Móvil,No
19,2025-05-05,Monitor 27 pulgadas curvo,Monitores,3,295000.0,Luis Chinchilla,San José,Tarjeta,No
1056,2025-01-21,Cargador portátil (power bank),Accesorios,4,17802.0,Marisol Vargas,Alajuela,Sinpe Móvil,No
923,2025-04-05,Audífonos inalámbricos,Audio,1,33299.0,Marisol Vargas,Heredia,Transferencia,Sí
1103,2025-02-09,Funda protectora celular,Accesorios,1,,Luis Chinchilla,Guanacaste,Transferencia,No
874,2025-03-10,Parlante bluetooth,Audio,3,51656.0,Fabiola Araya,San José,Sinpe Móvil,No
264,2025-04-18,Monitor 24 pulgadas,Monitores,3,124252.0,Kevin Solano,Heredia,Sinpe Móvil,No
115,2025-03-15,Celular gama media,Celulares,2,210100.0,Luis Chinchilla,Guanacaste,Tarjeta,Sí
716,2025-09-19,Laptop 14 pulgadas,Laptops,5,408256.0,Luis Chinchilla,Limón,Tarjeta,No
2,2025-02-17,Laptop 14 pulgadas,Laptops,1,516400.0,Ana Rojas,Puntarenas,Efectivo,No
136,2025-04-10,Monitor 27 pulgadas curvo,Monitores,1,313100.0,Kevin Solano,Heredia,Transferencia,No
134,2025-06-22,Cargador portátil (power bank),Accesorios,4,,Fabiola Araya,Heredia,Efectivo,Sí
237,2025-01-06,Monitor 27 pulgadas curvo,Monitores,1,283808.0,Marisol Vargas,Limón,Transferencia,No
485,03/05/2025,Laptop 14 pulgadas,Laptops,2,392184.0,Marisol Vargas,Puntarenas,Efectivo,Sí
949,2025-06-12,Celular gama alta,Celulares,3,538379.0,Marisol Vargas,Cartago,Efectivo,No
324,2025-08-19,Mouse inalámbrico,Accesorios,5,9601.0,Luis Chinchilla,Puntarenas,Transferencia,No
428,2025-08-08,Monitor 24 pulgadas,Monitores,1,153037.0,Ana Rojas,,Sinpe Móvil,Si
801,2025-02-19,Celular gama alta,Celulares,2,522037.0,Marisol Vargas,Heredia,Tarjeta,Sí
1040,2025-03-31,Laptop gamer 15 pulgadas,Laptops,5,1042754.0,Marisol Vargas,Puntarenas,Sinpe Móvil,Sí
430,2025-01-23,Funda protectora celular,Accesorios,4,7811.0,Kevin Solano,,Tarjeta,No
1102,2025-04-22,Laptop 14 pulgadas,Laptops,2,500812.0,Ana Rojas,Limón,Tarjeta,No
827,18/05/2025,Laptop gamer 15 pulgadas,Laptops,2,1173030.0,Ana Rojas,Guanacaste,Efectivo,Sí
1036,2025-08-01,Audifonos inalambricos,Audio,2,31711.0,Marisol Vargas,Puntarenas,Sinpe Móvil,Sí
1092,2025-06-05,Monitor 24 pulgadas,Monitores,4,149150.0,Fabiola Araya,Puntarenas,Tarjeta,Sí
1138,2025-04-16,Laptop 14 pulgadas,Laptops,3,499216.0,Kevin Solano,Puntarenas,Transferencia,No
231,2025-07-14,Funda protectora celular,Accesorios,3,7851.0,Marisol Vargas,Puntarenas,Transferencia,Sí
672,2025-08-11,Laptop 14 pulgadas,Laptops,2,619345.0,Ana Rojas,Limón,Transferencia,No
646,2025-04-07,Celular gama alta,Celulares,4,543901.0,Ana Rojas,Guanacaste,Tarjeta,Sí
493,2025-06-22,Cargador portátil (power bank),Accesorios,3,15813.0,Ana Rojas,Puntarenas,Sinpe Móvil,No
397,2025-07-05,Parlante bluetooth,Audio,1,36411.0,Luis Chinchilla,Puntarenas,Sinpe Móvil,No
592,2025-08-22,Funda protectora celular,Accesorios,1,7862.0,Fabiola Araya,Puntarenas,Efectivo,No
1094,2025-09-09,Audífonos inalámbricos,Audio,2,15683.0,Kevin Solano,Guanacaste,Tarjeta,NO
1050,2025-08-21,Celular gama alta,celulares,2,492819.0,Ana Rojas,Guanacaste,Efectivo,No
141,2025-02-10,Laptop 14 pulgadas,Laptops,1,438200.0,  LUIS CHINCHILLA  ,Puntarenas,Sinpe Móvil,Sí
535,2025-02-11,Monitor 24 pulgadas,Monitores,1,116545.0,Fabiola Araya,Guanacaste,Sinpe Móvil,Sí
889,2025-06-16,Teclado mecánico,Accesorios,3,31835.0,Fabiola Araya,Limón,Transferencia,Sí
626,2025-02-01,Celular gama alta,Celulares,4,583606.0,ANA ROJAS,Puntarenas,Transferencia,No
677,2025-09-06,Celular gama media,Celulares,5,232210.0,Luis Chinchilla,Puntarenas,Transferencia,No
610,2025-03-01,Mouse inalámbrico,Accesorios,4,10541.0,Luis Chinchilla,Cartago,Efectivo,Sí
839,2025-05-09,Monitor 24 pulgadas,Monitores,5,170095.0,Luis Chinchilla,Guanacaste,Tarjeta,Sí
572,2025-03-30,Celular gama alta,Celulares,3,668165.0,Marisol Vargas,Alajuela,Efectivo,No
321,2025-07-14,Monitor 27 pulgadas curvo,Monitores,4,306033.0,Kevin Solano,Limón,Sinpe Móvil,No
1104,2025-07-05,Parlante bluetooth,Audio,2,48962.0,Marisol Vargas,Heredia,Transferencia,Sí
1093,2025-05-15,Audífonos inalámbricos,Audio,3,37945.0,Fabiola Araya,Alajuela,Transferencia,No
